Iteration, Residual
1, 2.904299e+03
2, 1.968458e+03
3, 1.508019e+03
4, 1.232188e+03
5, 1.047848e+03
6, 9.155328e+02
7, 8.156469e+02
8, 7.373624e+02
9, 6.742093e+02
10, 6.220818e+02
11, 5.782473e+02
12, 5.408146e+02
13, 5.084325e+02
14, 4.801092e+02
15, 4.550994e+02
16, 4.328319e+02
17, 4.128616e+02
18, 3.948358e+02
19, 3.784717e+02
20, 3.635395e+02
21, 3.498506e+02
22, 3.372485e+02
23, 3.256026e+02
24, 3.148025e+02
25, 3.047547e+02
26, 2.953790e+02
27, 2.866066e+02
28, 2.783778e+02
29, 2.706407e+02
30, 2.633502e+02
31, 2.564662e+02
32, 2.499537e+02
33, 2.437817e+02
34, 2.379223e+02
35, 2.323509e+02
36, 2.270456e+02
37, 2.219863e+02
38, 2.171553e+02
39, 2.125364e+02
40, 2.081150e+02
41, 2.038779e+02
42, 1.998129e+02
43, 1.959091e+02
44, 1.921564e+02
45, 1.885455e+02
46, 1.850680e+02
47, 1.817162e+02
48, 1.784828e+02
49, 1.753612e+02
50, 1.723453e+02
51, 1.694295e+02
52, 1.666085e+02
53, 1.638773e+02
54, 1.612316e+02
55, 1.586670e+02
56, 1.561796e+02
57, 1.537658e+02
58, 1.514220e+02
59, 1.491452e+02
60, 1.469321e+02
61, 1.447802e+02
62, 1.426866e+02
63, 1.406489e+02
64, 1.386647e+02
65, 1.367319e+02
66, 1.348482e+02
67, 1.330119e+02
68, 1.312209e+02
69, 1.294736e+02
70, 1.277683e+02
71, 1.261034e+02
72, 1.244775e+02
73, 1.228890e+02
74, 1.213367e+02
75, 1.198192e+02
76, 1.183355e+02
77, 1.168842e+02
78, 1.154644e+02
79, 1.140749e+02
80, 1.127148e+02
81, 1.113832e+02
82, 1.100790e+02
83, 1.088015e+02
84, 1.075498e+02
85, 1.063231e+02
86, 1.051207e+02
87, 1.039419e+02
88, 1.027859e+02
89, 1.016520e+02
90, 1.005397e+02
91, 9.944835e+01
92, 9.837733e+01
93, 9.732607e+01
94, 9.629405e+01
95, 9.528074e+01
96, 9.428564e+01
97, 9.330826e+01
98, 9.234815e+01
99, 9.140485e+01
100, 9.047793e+01
101, 8.956698e+01
102, 8.867159e+01
103, 8.779139e+01
104, 8.692599e+01
105, 8.607504e+01
106, 8.523819e+01
107, 8.441511e+01
108, 8.360546e+01
109, 8.280894e+01
110, 8.202524e+01
111, 8.125406e+01
112, 8.049513e+01
113, 7.974816e+01
114, 7.901290e+01
115, 7.828908e+01
116, 7.757645e+01
117, 7.687476e+01
118, 7.618379e+01
119, 7.550331e+01
120, 7.483308e+01
121, 7.417291e+01
122, 7.352257e+01
123, 7.288187e+01
124, 7.225060e+01
125, 7.162858e+01
126, 7.101562e+01
127, 7.041153e+01
128, 6.981615e+01
129, 6.922929e+01
130, 6.865080e+01
131, 6.808050e+01
132, 6.751825e+01
133, 6.696388e+01
134, 6.641725e+01
135, 6.587821e+01
136, 6.534661e+01
137, 6.482232e+01
138, 6.430520e+01
139, 6.379512e+01
140, 6.329195e+01
141, 6.279556e+01
142, 6.230583e+01
143, 6.182264e+01
144, 6.134587e+01
145, 6.087541e+01
146, 6.041114e+01
147, 5.995295e+01
148, 5.950075e+01
149, 5.905441e+01
150, 5.861385e+01
151, 5.817895e+01
152, 5.774963e+01
153, 5.732579e+01
154, 5.690732e+01
155, 5.649415e+01
156, 5.608618e+01
157, 5.568332e+01
158, 5.528549e+01
159, 5.489259e+01
160, 5.450456e+01
161, 5.412131e+01
162, 5.374275e+01
163, 5.336882e+01
164, 5.299943e+01
165, 5.263451e+01
166, 5.227399e+01
167, 5.191779e+01
168, 5.156585e+01
169, 5.121809e+01
170, 5.087446e+01
171, 5.053487e+01
172, 5.019927e+01
173, 4.986759e+01
174, 4.953978e+01
175, 4.921576e+01
176, 4.889547e+01
177, 4.857887e+01
178, 4.826589e+01
179, 4.795647e+01
180, 4.765056e+01
181, 4.734810e+01
182, 4.704903e+01
183, 4.675332e+01
184, 4.646089e+01
185, 4.617171e+01
186, 4.588572e+01
187, 4.560287e+01
188, 4.532311e+01
189, 4.504640e+01
190, 4.477269e+01
191, 4.450193e+01
192, 4.423408e+01
193, 4.396909e+01
194, 4.370692e+01
195, 4.344753e+01
196, 4.319087e+01
197, 4.293691e+01
198, 4.268559e+01
199, 4.243690e+01
200, 4.219077e+01
201, 4.194718e+01
202, 4.170609e+01
203, 4.146745e+01
204, 4.123124e+01
205, 4.099741e+01
206, 4.076594e+01
207, 4.053678e+01
208, 4.030990e+01
209, 4.008528e+01
210, 3.986287e+01
211, 3.964264e+01
212, 3.942456e+01
213, 3.920860e+01
214, 3.899473e+01
215, 3.878292e+01
216, 3.857313e+01
217, 3.836535e+01
218, 3.815953e+01
219, 3.795566e+01
220, 3.775370e+01
221, 3.755363e+01
222, 3.735542e+01
223, 3.715903e+01
224, 3.696446e+01
225, 3.677167e+01
226, 3.658063e+01
227, 3.639132e+01
228, 3.620372e+01
229, 3.601780e+01
230, 3.583355e+01
231, 3.565092e+01
232, 3.546991e+01
233, 3.529049e+01
234, 3.511264e+01
235, 3.493634e+01
236, 3.476156e+01
237, 3.458829e+01
238, 3.441650e+01
239, 3.424617e+01
240, 3.407729e+01
241, 3.390983e+01
242, 3.374377e+01
243, 3.357911e+01
244, 3.341580e+01
245, 3.325385e+01
246, 3.309323e+01
247, 3.293392e+01
248, 3.277591e+01
249, 3.261918e+01
250, 3.246370e+01
251, 3.230948e+01
252, 3.215648e+01
253, 3.200469e+01
254, 3.185410e+01
255, 3.170469e+01
256, 3.155645e+01
257, 3.140936e+01
258, 3.126340e+01
259, 3.111857e+01
260, 3.097485e+01
261, 3.083221e+01
262, 3.069066e+01
263, 3.055017e+01
264, 3.041074e+01
265, 3.027234e+01
266, 3.013497e+01
267, 2.999862e+01
268, 2.986326e+01
269, 2.972890e+01
270, 2.959551e+01
271, 2.946309e+01
272, 2.933162e+01
273, 2.920109e+01
274, 2.907149e+01
275, 2.894281e+01
276, 2.881503e+01
277, 2.868816e+01
278, 2.856217e+01
279, 2.843706e+01
280, 2.831281e+01
281, 2.818942e+01
282, 2.806687e+01
283, 2.794516e+01
284, 2.782428e+01
285, 2.770421e+01
286, 2.758495e+01
287, 2.746649e+01
288, 2.734881e+01
289, 2.723192e+01
290, 2.711580e+01
291, 2.700044e+01
292, 2.688583e+01
293, 2.677197e+01
294, 2.665885e+01
295, 2.654646e+01
296, 2.643478e+01
297, 2.632382e+01
298, 2.621357e+01
299, 2.610402e+01
300, 2.599515e+01
301, 2.588697e+01
302, 2.577947e+01
303, 2.567263e+01
304, 2.556646e+01
305, 2.546094e+01
306, 2.535607e+01
307, 2.525184e+01
308, 2.514824e+01
309, 2.504527e+01
310, 2.494293e+01
311, 2.484120e+01
312, 2.474008e+01
313, 2.463956e+01
314, 2.453964e+01
315, 2.444030e+01
316, 2.434156e+01
317, 2.424339e+01
318, 2.414580e+01
319, 2.404877e+01
320, 2.395231e+01
321, 2.385640e+01
322, 2.376105e+01
323, 2.366624e+01
324, 2.357197e+01
325, 2.347824e+01
326, 2.338504e+01
327, 2.329236e+01
328, 2.320021e+01
329, 2.310857e+01
330, 2.301744e+01
331, 2.292682e+01
332, 2.283670e+01
333, 2.274708e+01
334, 2.265795e+01
335, 2.256931e+01
336, 2.248115e+01
337, 2.239348e+01
338, 2.230627e+01
339, 2.221954e+01
340, 2.213328e+01
341, 2.204747e+01
342, 2.196213e+01
343, 2.187724e+01
344, 2.179280e+01
345, 2.170881e+01
346, 2.162526e+01
347, 2.154215e+01
348, 2.145948e+01
349, 2.137724e+01
350, 2.129542e+01
351, 2.121404e+01
352, 2.113307e+01
353, 2.105252e+01
354, 2.097238e+01
355, 2.089265e+01
356, 2.081334e+01
357, 2.073442e+01
358, 2.065591e+01
359, 2.057779e+01
360, 2.050007e+01
361, 2.042274e+01
362, 2.034580e+01
363, 2.026924e+01
364, 2.019306e+01
365, 2.011727e+01
366, 2.004185e+01
367, 1.996680e+01
368, 1.989212e+01
369, 1.981781e+01
370, 1.974386e+01
371, 1.967028e+01
372, 1.959706e+01
373, 1.952419e+01
374, 1.945167e+01
375, 1.937951e+01
376, 1.930769e+01
377, 1.923622e+01
378, 1.916510e+01
379, 1.909431e+01
380, 1.902386e+01
381, 1.895375e+01
382, 1.888397e+01
383, 1.881453e+01
384, 1.874541e+01
385, 1.867661e+01
386, 1.860815e+01
387, 1.854000e+01
388, 1.847217e+01
389, 1.840466e+01
390, 1.833746e+01
391, 1.827058e+01
392, 1.820400e+01
393, 1.813774e+01
394, 1.807178e+01
395, 1.800612e+01
396, 1.794077e+01
397, 1.787572e+01
398, 1.781096e+01
399, 1.774650e+01
400, 1.768233e+01
401, 1.761846e+01
402, 1.755487e+01
403, 1.749158e+01
404, 1.742857e+01
405, 1.736584e+01
406, 1.730340e+01
407, 1.724123e+01
408, 1.717935e+01
409, 1.711774e+01
410, 1.705641e+01
411, 1.699534e+01
412, 1.693456e+01
413, 1.687404e+01
414, 1.681378e+01
415, 1.675380e+01
416, 1.669408e+01
417, 1.663462e+01
418, 1.657543e+01
419, 1.651649e+01
420, 1.645781e+01
421, 1.639939e+01
422, 1.634122e+01
423, 1.628330e+01
424, 1.622564e+01
425, 1.616823e+01
426, 1.611106e+01
427, 1.605415e+01
428, 1.599747e+01
429, 1.594105e+01
430, 1.588486e+01
431, 1.582892e+01
432, 1.577321e+01
433, 1.571774e+01
434, 1.566251e+01
435, 1.560752e+01
436, 1.555276e+01
437, 1.549823e+01
438, 1.544393e+01
439, 1.538987e+01
440, 1.533603e+01
441, 1.528242e+01
442, 1.522903e+01
443, 1.517587e+01
444, 1.512293e+01
445, 1.507021e+01
446, 1.501772e+01
447, 1.496544e+01
448, 1.491339e+01
449, 1.486154e+01
450, 1.480992e+01
451, 1.475851e+01
452, 1.470731e+01
453, 1.465632e+01
454, 1.460555e+01
455, 1.455498e+01
456, 1.450462e+01
457, 1.445447e+01
458, 1.440453e+01
459, 1.435479e+01
460, 1.430526e+01
461, 1.425592e+01
462, 1.420679e+01
463, 1.415786e+01
464, 1.410913e+01
465, 1.406060e+01
466, 1.401226e+01
467, 1.396412e+01
468, 1.391618e+01
469, 1.386843e+01
470, 1.382087e+01
471, 1.377350e+01
472, 1.372633e+01
473, 1.367935e+01
474, 1.363255e+01
475, 1.358594e+01
476, 1.353952e+01
477, 1.349328e+01
478, 1.344723e+01
479, 1.340137e+01
480, 1.335568e+01
481, 1.331018e+01
482, 1.326486e+01
483, 1.321972e+01
484, 1.317476e+01
485, 1.312997e+01
486, 1.308537e+01
487, 1.304094e+01
488, 1.299668e+01
489, 1.295260e+01
490, 1.290869e+01
491, 1.286496e+01
492, 1.282140e+01
493, 1.277801e+01
494, 1.273479e+01
495, 1.269173e+01
496, 1.264885e+01
497, 1.260614e+01
498, 1.256359e+01
499, 1.252120e+01
500, 1.247898e+01
501, 1.243693e+01
502, 1.239504e+01
503, 1.235331e+01
504, 1.231174e+01
505, 1.227034e+01
506, 1.222909e+01
507, 1.218800e+01
508, 1.214708e+01
509, 1.210630e+01
510, 1.206569e+01
511, 1.202523e+01
512, 1.198493e+01
513, 1.194478e+01
514, 1.190479e+01
515, 1.186495e+01
516, 1.182526e+01
517, 1.178572e+01
518, 1.174634e+01
519, 1.170710e+01
520, 1.166802e+01
521, 1.162908e+01
522, 1.159029e+01
523, 1.155165e+01
524, 1.151315e+01
525, 1.147480e+01
526, 1.143660e+01
527, 1.139854e+01
528, 1.136062e+01
529, 1.132285e+01
530, 1.128521e+01
531, 1.124773e+01
532, 1.121038e+01
533, 1.117317e+01
534, 1.113610e+01
535, 1.109917e+01
536, 1.106238e+01
537, 1.102573e+01
538, 1.098921e+01
539, 1.095283e+01
540, 1.091659e+01
541, 1.088048e+01
542, 1.084451e+01
543, 1.080867e+01
544, 1.077296e+01
545, 1.073738e+01
546, 1.070194e+01
547, 1.066663e+01
548, 1.063145e+01
549, 1.059640e+01
550, 1.056148e+01
551, 1.052669e+01
552, 1.049203e+01
553, 1.045749e+01
554, 1.042309e+01
555, 1.038881e+01
556, 1.035465e+01
557, 1.032062e+01
558, 1.028672e+01
559, 1.025294e+01
560, 1.021928e+01
561, 1.018575e+01
562, 1.015234e+01
563, 1.011905e+01
564, 1.008589e+01
565, 1.005284e+01
566, 1.001992e+01
567, 9.987115e+00
568, 9.954431e+00
569, 9.921865e+00
570, 9.889417e+00
571, 9.857088e+00
572, 9.824876e+00
573, 9.792780e+00
574, 9.760801e+00
575, 9.728938e+00
576, 9.697190e+00
577, 9.665556e+00
578, 9.634037e+00
579, 9.602632e+00
580, 9.571340e+00
581, 9.540161e+00
582, 9.509094e+00
583, 9.478138e+00
584, 9.447294e+00
585, 9.416561e+00
586, 9.385938e+00
587, 9.355425e+00
588, 9.325022e+00
589, 9.294727e+00
590, 9.264541e+00
591, 9.234462e+00
592, 9.204491e+00
593, 9.174627e+00
594, 9.144870e+00
595, 9.115218e+00
596, 9.085673e+00
597, 9.056232e+00
598, 9.026896e+00
599, 8.997665e+00
600, 8.968537e+00
601, 8.939513e+00
602, 8.910592e+00
603, 8.881773e+00
604, 8.853056e+00
605, 8.824441e+00
606, 8.795927e+00
607, 8.767514e+00
608, 8.739201e+00
609, 8.710988e+00
610, 8.682875e+00
611, 8.654860e+00
612, 8.626945e+00
613, 8.599127e+00
614, 8.571408e+00
615, 8.543786e+00
616, 8.516261e+00
617, 8.488832e+00
618, 8.461500e+00
619, 8.434264e+00
620, 8.407122e+00
621, 8.380076e+00
622, 8.353125e+00
623, 8.326268e+00
624, 8.299504e+00
625, 8.272835e+00
626, 8.246258e+00
627, 8.219773e+00
628, 8.193382e+00
629, 8.167082e+00
630, 8.140873e+00
631, 8.114756e+00
632, 8.088729e+00
633, 8.062793e+00
634, 8.036947e+00
635, 8.011191e+00
636, 7.985524e+00
637, 7.959945e+00
638, 7.934456e+00
639, 7.909054e+00
640, 7.883741e+00
641, 7.858515e+00
642, 7.833376e+00
643, 7.808324e+00
644, 7.783358e+00
645, 7.758478e+00
646, 7.733685e+00
647, 7.708976e+00
648, 7.684353e+00
649, 7.659814e+00
650, 7.635360e+00
651, 7.610989e+00
652, 7.586703e+00
653, 7.562499e+00
654, 7.538379e+00
655, 7.514342e+00
656, 7.490386e+00
657, 7.466513e+00
658, 7.442722e+00
659, 7.419012e+00
660, 7.395382e+00
661, 7.371834e+00
662, 7.348366e+00
663, 7.324978e+00
664, 7.301670e+00
665, 7.278442e+00
666, 7.255292e+00
667, 7.232221e+00
668, 7.209229e+00
669, 7.186315e+00
670, 7.163479e+00
671, 7.140721e+00
672, 7.118040e+00
673, 7.095436e+00
674, 7.072908e+00
675, 7.050457e+00
676, 7.028082e+00
677, 7.005783e+00
678, 6.983559e+00
679, 6.961411e+00
680, 6.939337e+00
681, 6.917338e+00
682, 6.895413e+00
683, 6.873563e+00
684, 6.851786e+00
685, 6.830082e+00
686, 6.808452e+00
687, 6.786895e+00
688, 6.765410e+00
689, 6.743998e+00
690, 6.722657e+00
691, 6.701389e+00
692, 6.680192e+00
693, 6.659066e+00
694, 6.638011e+00
695, 6.617027e+00
696, 6.596113e+00
697, 6.575269e+00
698, 6.554495e+00
699, 6.533791e+00
700, 6.513156e+00
701, 6.492591e+00
702, 6.472094e+00
703, 6.451665e+00
704, 6.431305e+00
705, 6.411013e+00
706, 6.390789e+00
707, 6.370632e+00
708, 6.350542e+00
709, 6.330520e+00
710, 6.310564e+00
711, 6.290675e+00
712, 6.270851e+00
713, 6.251094e+00
714, 6.231403e+00
715, 6.211777e+00
716, 6.192217e+00
717, 6.172721e+00
718, 6.153290e+00
719, 6.133924e+00
720, 6.114622e+00
721, 6.095384e+00
722, 6.076210e+00
723, 6.057099e+00
724, 6.038052e+00
725, 6.019068e+00
726, 6.000146e+00
727, 5.981288e+00
728, 5.962491e+00
729, 5.943757e+00
730, 5.925085e+00
731, 5.906474e+00
732, 5.887925e+00
733, 5.869437e+00
734, 5.851010e+00
735, 5.832644e+00
736, 5.814339e+00
737, 5.796093e+00
738, 5.777908e+00
739, 5.759783e+00
740, 5.741718e+00
741, 5.723711e+00
742, 5.705765e+00
743, 5.687877e+00
744, 5.670048e+00
745, 5.652277e+00
746, 5.634565e+00
747, 5.616911e+00
748, 5.599315e+00
749, 5.581777e+00
750, 5.564296e+00
751, 5.546873e+00
752, 5.529507e+00
753, 5.512197e+00
754, 5.494944e+00
755, 5.477748e+00
756, 5.460608e+00
757, 5.443524e+00
758, 5.426496e+00
759, 5.409524e+00
760, 5.392607e+00
761, 5.375745e+00
762, 5.358938e+00
763, 5.342187e+00
764, 5.325489e+00
765, 5.308847e+00
766, 5.292258e+00
767, 5.275724e+00
768, 5.259244e+00
769, 5.242817e+00
770, 5.226444e+00
771, 5.210124e+00
772, 5.193857e+00
773, 5.177643e+00
774, 5.161482e+00
775, 5.145373e+00
776, 5.129317e+00
777, 5.113313e+00
778, 5.097360e+00
779, 5.081460e+00
780, 5.065611e+00
781, 5.049814e+00
782, 5.034068e+00
783, 5.018373e+00
784, 5.002729e+00
785, 4.987135e+00
786, 4.971592e+00
787, 4.956100e+00
788, 4.940657e+00
789, 4.925265e+00
790, 4.909922e+00
791, 4.894629e+00
792, 4.879385e+00
793, 4.864191e+00
794, 4.849046e+00
795, 4.833949e+00
796, 4.818902e+00
797, 4.803903e+00
798, 4.788952e+00
799, 4.774050e+00
800, 4.759196e+00
801, 4.744389e+00
802, 4.729631e+00
803, 4.714920e+00
804, 4.700256e+00
805, 4.685639e+00
806, 4.671070e+00
807, 4.656548e+00
808, 4.642072e+00
809, 4.627643e+00
810, 4.613260e+00
811, 4.598924e+00
812, 4.584633e+00
813, 4.570389e+00
814, 4.556190e+00
815, 4.542037e+00
816, 4.527929e+00
817, 4.513867e+00
818, 4.499850e+00
819, 4.485877e+00
820, 4.471950e+00
821, 4.458067e+00
822, 4.444229e+00
823, 4.430435e+00
824, 4.416685e+00
825, 4.402980e+00
826, 4.389318e+00
827, 4.375700e+00
828, 4.362126e+00
829, 4.348595e+00
830, 4.335107e+00
831, 4.321662e+00
832, 4.308261e+00
833, 4.294902e+00
834, 4.281586e+00
835, 4.268313e+00
836, 4.255082e+00
837, 4.241893e+00
838, 4.228746e+00
839, 4.215641e+00
840, 4.202578e+00
841, 4.189557e+00
842, 4.176578e+00
843, 4.163639e+00
844, 4.150742e+00
845, 4.137886e+00
846, 4.125071e+00
847, 4.112297e+00
848, 4.099564e+00
849, 4.086871e+00
850, 4.074219e+00
851, 4.061606e+00
852, 4.049034e+00
853, 4.036502e+00
854, 4.024010e+00
855, 4.011558e+00
856, 3.999145e+00
857, 3.986772e+00
858, 3.974438e+00
859, 3.962143e+00
860, 3.949887e+00
861, 3.937670e+00
862, 3.925492e+00
863, 3.913353e+00
864, 3.901252e+00
865, 3.889189e+00
866, 3.877165e+00
867, 3.865179e+00
868, 3.853231e+00
869, 3.841321e+00
870, 3.829448e+00
871, 3.817614e+00
872, 3.805816e+00
873, 3.794057e+00
874, 3.782334e+00
875, 3.770648e+00
876, 3.759000e+00
877, 3.747388e+00
878, 3.735813e+00
879, 3.724275e+00
880, 3.712773e+00
881, 3.701308e+00
882, 3.689879e+00
883, 3.678486e+00
884, 3.667129e+00
885, 3.655808e+00
886, 3.644523e+00
887, 3.633273e+00
888, 3.622059e+00
889, 3.610880e+00
890, 3.599737e+00
891, 3.588629e+00
892, 3.577556e+00
893, 3.566518e+00
894, 3.555514e+00
895, 3.544546e+00
896, 3.533612e+00
897, 3.522712e+00
898, 3.511847e+00
899, 3.501016e+00
900, 3.490219e+00
901, 3.479456e+00
902, 3.468728e+00
903, 3.458033e+00
904, 3.447371e+00
905, 3.436743e+00
906, 3.426149e+00
907, 3.415588e+00
908, 3.405060e+00
909, 3.394566e+00
910, 3.384104e+00
911, 3.373676e+00
912, 3.363280e+00
913, 3.352916e+00
914, 3.342586e+00
915, 3.332288e+00
916, 3.322022e+00
917, 3.311789e+00
918, 3.301587e+00
919, 3.291418e+00
920, 3.281281e+00
921, 3.271175e+00
922, 3.261102e+00
923, 3.251059e+00
924, 3.241049e+00
925, 3.231070e+00
926, 3.221122e+00
927, 3.211205e+00
928, 3.201320e+00
929, 3.191465e+00
930, 3.181642e+00
931, 3.171849e+00
932, 3.162087e+00
933, 3.152355e+00
934, 3.142654e+00
935, 3.132984e+00
936, 3.123343e+00
937, 3.113733e+00
938, 3.104153e+00
939, 3.094603e+00
940, 3.085083e+00
941, 3.075593e+00
942, 3.066132e+00
943, 3.056702e+00
944, 3.047300e+00
945, 3.037928e+00
946, 3.028586e+00
947, 3.019272e+00
948, 3.009988e+00
949, 3.000733e+00
950, 2.991506e+00
951, 2.982309e+00
952, 2.973140e+00
953, 2.964000e+00
954, 2.954889e+00
955, 2.945806e+00
956, 2.936751e+00
957, 2.927725e+00
958, 2.918727e+00
959, 2.909757e+00
960, 2.900815e+00
961, 2.891900e+00
962, 2.883014e+00
963, 2.874156e+00
964, 2.865325e+00
965, 2.856522e+00
966, 2.847746e+00
967, 2.838997e+00
968, 2.830276e+00
969, 2.821582e+00
970, 2.812915e+00
971, 2.804276e+00
972, 2.795663e+00
973, 2.787077e+00
974, 2.778518e+00
975, 2.769985e+00
976, 2.761479e+00
977, 2.753000e+00
978, 2.744547e+00
979, 2.736120e+00
980, 2.727719e+00
981, 2.719345e+00
982, 2.710997e+00
983, 2.702675e+00
984, 2.694379e+00
985, 2.686108e+00
986, 2.677863e+00
987, 2.669644e+00
988, 2.661451e+00
989, 2.653283e+00
990, 2.645140e+00
991, 2.637023e+00
992, 2.628931e+00
993, 2.620864e+00
994, 2.612823e+00
995, 2.604806e+00
996, 2.596814e+00
997, 2.588847e+00
998, 2.580905e+00
999, 2.572988e+00
1000, 2.565095e+00
1001, 2.557227e+00
1002, 2.549383e+00
1003, 2.541563e+00
1004, 2.533768e+00
1005, 2.525997e+00
1006, 2.518251e+00
1007, 2.510528e+00
1008, 2.502829e+00
1009, 2.495154e+00
1010, 2.487503e+00
1011, 2.479876e+00
1012, 2.472272e+00
1013, 2.464692e+00
1014, 2.457136e+00
1015, 2.449603e+00
1016, 2.442093e+00
1017, 2.434607e+00
1018, 2.427144e+00
1019, 2.419704e+00
1020, 2.412287e+00
1021, 2.404893e+00
1022, 2.397522e+00
1023, 2.390174e+00
1024, 2.382849e+00
1025, 2.375546e+00
1026, 2.368266e+00
1027, 2.361009e+00
1028, 2.353774e+00
1029, 2.346561e+00
1030, 2.339371e+00
1031, 2.332203e+00
1032, 2.325058e+00
1033, 2.317934e+00
1034, 2.310833e+00
1035, 2.303753e+00
1036, 2.296696e+00
1037, 2.289660e+00
1038, 2.282647e+00
1039, 2.275654e+00
1040, 2.268684e+00
1041, 2.261735e+00
1042, 2.254808e+00
1043, 2.247902e+00
1044, 2.241017e+00
1045, 2.234154e+00
1046, 2.227312e+00
1047, 2.220491e+00
1048, 2.213691e+00
1049, 2.206913e+00
1050, 2.200155e+00
1051, 2.193418e+00
1052, 2.186702e+00
1053, 2.180007e+00
1054, 2.173332e+00
1055, 2.166679e+00
1056, 2.160045e+00
1057, 2.153433e+00
1058, 2.146840e+00
1059, 2.140268e+00
1060, 2.133717e+00
1061, 2.127185e+00
1062, 2.120674e+00
1063, 2.114183e+00
1064, 2.107712e+00
1065, 2.101261e+00
1066, 2.094830e+00
1067, 2.088419e+00
1068, 2.082027e+00
1069, 2.075656e+00
1070, 2.069304e+00
1071, 2.062971e+00
1072, 2.056659e+00
1073, 2.050365e+00
1074, 2.044091e+00
1075, 2.037837e+00
1076, 2.031602e+00
1077, 2.025386e+00
1078, 2.019189e+00
1079, 2.013011e+00
1080, 2.006853e+00
1081, 2.000713e+00
1082, 1.994593e+00
1083, 1.988491e+00
1084, 1.982408e+00
1085, 1.976344e+00
1086, 1.970299e+00
1087, 1.964272e+00
1088, 1.958264e+00
1089, 1.952274e+00
1090, 1.946303e+00
1091, 1.940350e+00
1092, 1.934416e+00
1093, 1.928500e+00
1094, 1.922602e+00
1095, 1.916722e+00
1096, 1.910861e+00
1097, 1.905017e+00
1098, 1.899192e+00
1099, 1.893384e+00
1100, 1.887595e+00
1101, 1.881823e+00
1102, 1.876069e+00
1103, 1.870333e+00
1104, 1.864614e+00
1105, 1.858913e+00
1106, 1.853230e+00
1107, 1.847564e+00
1108, 1.841916e+00
1109, 1.836285e+00
1110, 1.830671e+00
1111, 1.825075e+00
1112, 1.819496e+00
1113, 1.813934e+00
1114, 1.808389e+00
1115, 1.802861e+00
1116, 1.797351e+00
1117, 1.791857e+00
1118, 1.786380e+00
1119, 1.780920e+00
1120, 1.775477e+00
1121, 1.770051e+00
1122, 1.764641e+00
1123, 1.759248e+00
1124, 1.753872e+00
1125, 1.748512e+00
1126, 1.743168e+00
1127, 1.737842e+00
1128, 1.732531e+00
1129, 1.727237e+00
1130, 1.721959e+00
1131, 1.716697e+00
1132, 1.711452e+00
1133, 1.706222e+00
1134, 1.701009e+00
1135, 1.695812e+00
1136, 1.690631e+00
1137, 1.685465e+00
1138, 1.680316e+00
1139, 1.675183e+00
1140, 1.670065e+00
1141, 1.664963e+00
1142, 1.659876e+00
1143, 1.654806e+00
1144, 1.649751e+00
1145, 1.644711e+00
1146, 1.639687e+00
1147, 1.634678e+00
1148, 1.629685e+00
1149, 1.624707e+00
1150, 1.619745e+00
1151, 1.614797e+00
1152, 1.609865e+00
1153, 1.604948e+00
1154, 1.600046e+00
1155, 1.595159e+00
1156, 1.590288e+00
1157, 1.585431e+00
1158, 1.580589e+00
1159, 1.575762e+00
1160, 1.570950e+00
1161, 1.566152e+00
1162, 1.561370e+00
1163, 1.556602e+00
1164, 1.551848e+00
1165, 1.547110e+00
1166, 1.542386e+00
1167, 1.537676e+00
1168, 1.532981e+00
1169, 1.528300e+00
1170, 1.523633e+00
1171, 1.518981e+00
1172, 1.514344e+00
1173, 1.509720e+00
1174, 1.505111e+00
1175, 1.500516e+00
1176, 1.495934e+00
1177, 1.491367e+00
1178, 1.486814e+00
1179, 1.482275e+00
1180, 1.477750e+00
1181, 1.473239e+00
1182, 1.468742e+00
1183, 1.464258e+00
1184, 1.459788e+00
1185, 1.455332e+00
1186, 1.450890e+00
1187, 1.446461e+00
1188, 1.442046e+00
1189, 1.437644e+00
1190, 1.433256e+00
1191, 1.428881e+00
1192, 1.424520e+00
1193, 1.420172e+00
1194, 1.415838e+00
1195, 1.411517e+00
1196, 1.407209e+00
1197, 1.402914e+00
1198, 1.398632e+00
1199, 1.394364e+00
1200, 1.390108e+00
1201, 1.385866e+00
1202, 1.381637e+00
1203, 1.377421e+00
1204, 1.373217e+00
1205, 1.369027e+00
1206, 1.364849e+00
1207, 1.360684e+00
1208, 1.356532e+00
1209, 1.352393e+00
1210, 1.348266e+00
1211, 1.344152e+00
1212, 1.340051e+00
1213, 1.335962e+00
1214, 1.331885e+00
1215, 1.327822e+00
1216, 1.323770e+00
1217, 1.319731e+00
1218, 1.315705e+00
1219, 1.311691e+00
1220, 1.307689e+00
1221, 1.303699e+00
1222, 1.299722e+00
1223, 1.295756e+00
1224, 1.291803e+00
1225, 1.287862e+00
1226, 1.283934e+00
1227, 1.280017e+00
1228, 1.276112e+00
1229, 1.272219e+00
1230, 1.268338e+00
1231, 1.264469e+00
1232, 1.260612e+00
1233, 1.256766e+00
1234, 1.252933e+00
1235, 1.249111e+00
1236, 1.245301e+00
1237, 1.241502e+00
1238, 1.237715e+00
1239, 1.233940e+00
1240, 1.230177e+00
1241, 1.226424e+00
1242, 1.222684e+00
1243, 1.218954e+00
1244, 1.215237e+00
1245, 1.211530e+00
1246, 1.207835e+00
1247, 1.204151e+00
1248, 1.200479e+00
1249, 1.196818e+00
1250, 1.193168e+00
1251, 1.189529e+00
1252, 1.185901e+00
1253, 1.182285e+00
1254, 1.178679e+00
1255, 1.175085e+00
1256, 1.171501e+00
1257, 1.167929e+00
1258, 1.164367e+00
1259, 1.160816e+00
1260, 1.157277e+00
1261, 1.153748e+00
1262, 1.150229e+00
1263, 1.146722e+00
1264, 1.143225e+00
1265, 1.139739e+00
1266, 1.136264e+00
1267, 1.132799e+00
1268, 1.129345e+00
1269, 1.125902e+00
1270, 1.122469e+00
1271, 1.119047e+00
1272, 1.115635e+00
1273, 1.112233e+00
1274, 1.108842e+00
1275, 1.105461e+00
1276, 1.102091e+00
1277, 1.098731e+00
1278, 1.095381e+00
1279, 1.092041e+00
1280, 1.088712e+00
1281, 1.085393e+00
1282, 1.082084e+00
1283, 1.078785e+00
1284, 1.075496e+00
1285, 1.072217e+00
1286, 1.068949e+00
1287, 1.065690e+00
1288, 1.062441e+00
1289, 1.059202e+00
1290, 1.055973e+00
1291, 1.052754e+00
1292, 1.049545e+00
1293, 1.046346e+00
1294, 1.043156e+00
1295, 1.039976e+00
1296, 1.036806e+00
1297, 1.033646e+00
1298, 1.030495e+00
1299, 1.027354e+00
1300, 1.024223e+00
1301, 1.021101e+00
1302, 1.017988e+00
1303, 1.014885e+00
1304, 1.011792e+00
1305, 1.008708e+00
1306, 1.005634e+00
1307, 1.002568e+00
1308, 9.995128e-01
1309, 9.964664e-01
1310, 9.934293e-01
1311, 9.904015e-01
1312, 9.873830e-01
1313, 9.843737e-01
1314, 9.813736e-01
1315, 9.783826e-01
1316, 9.754008e-01
1317, 9.724281e-01
1318, 9.694646e-01
1319, 9.665100e-01
1320, 9.635645e-01
1321, 9.606280e-01
1322, 9.577005e-01
1323, 9.547819e-01
1324, 9.518722e-01
1325, 9.489714e-01
1326, 9.460795e-01
1327, 9.431965e-01
1328, 9.403222e-01
1329, 9.374567e-01
1330, 9.346000e-01
1331, 9.317520e-01
1332, 9.289127e-01
1333, 9.260821e-01
1334, 9.232602e-01
1335, 9.204468e-01
1336, 9.176421e-01
1337, 9.148459e-01
1338, 9.120582e-01
1339, 9.092791e-01
1340, 9.065085e-01
1341, 9.037463e-01
1342, 9.009926e-01
1343, 8.982473e-01
1344, 8.955104e-01
1345, 8.927818e-01
1346, 8.900616e-01
1347, 8.873496e-01
1348, 8.846460e-01
1349, 8.819506e-01
1350, 8.792635e-01
1351, 8.765845e-01
1352, 8.739138e-01
1353, 8.712512e-01
1354, 8.685967e-01
1355, 8.659504e-01
1356, 8.633121e-01
1357, 8.606819e-01
1358, 8.580597e-01
1359, 8.554455e-01
1360, 8.528393e-01
1361, 8.502411e-01
1362, 8.476508e-01
1363, 8.450684e-01
1364, 8.424939e-01
1365, 8.399272e-01
1366, 8.373684e-01
1367, 8.348174e-01
1368, 8.322742e-01
1369, 8.297388e-01
1370, 8.272111e-01
1371, 8.246911e-01
1372, 8.221788e-01
1373, 8.196742e-01
1374, 8.171772e-01
1375, 8.146879e-01
1376, 8.122062e-01
1377, 8.097320e-01
1378, 8.072654e-01
1379, 8.048063e-01
1380, 8.023547e-01
1381, 7.999106e-01
1382, 7.974740e-01
1383, 7.950448e-01
1384, 7.926230e-01
1385, 7.902087e-01
1386, 7.878016e-01
1387, 7.854020e-01
1388, 7.830096e-01
1389, 7.806246e-01
1390, 7.782469e-01
1391, 7.758764e-01
1392, 7.735131e-01
1393, 7.711570e-01
1394, 7.688082e-01
1395, 7.664665e-01
1396, 7.641319e-01
1397, 7.618045e-01
1398, 7.594842e-01
1399, 7.571710e-01
1400, 7.548648e-01
1401, 7.525657e-01
1402, 7.502736e-01
1403, 7.479884e-01
1404, 7.457103e-01
1405, 7.434391e-01
1406, 7.411748e-01
1407, 7.389175e-01
1408, 7.366670e-01
1409, 7.344234e-01
1410, 7.321866e-01
1411, 7.299567e-01
1412, 7.277336e-01
1413, 7.255173e-01
1414, 7.233077e-01
1415, 7.211048e-01
1416, 7.189087e-01
1417, 7.167193e-01
1418, 7.145366e-01
1419, 7.123605e-01
1420, 7.101911e-01
1421, 7.080283e-01
1422, 7.058720e-01
1423, 7.037224e-01
1424, 7.015793e-01
1425, 6.994428e-01
1426, 6.973128e-01
1427, 6.951892e-01
1428, 6.930722e-01
1429, 6.909616e-01
1430, 6.888575e-01
1431, 6.867597e-01
1432, 6.846684e-01
1433, 6.825834e-01
1434, 6.805049e-01
1435, 6.784326e-01
1436, 6.763667e-01
1437, 6.743071e-01
1438, 6.722537e-01
1439, 6.702066e-01
1440, 6.681658e-01
1441, 6.661312e-01
1442, 6.641028e-01
1443, 6.620806e-01
1444, 6.600645e-01
1445, 6.580546e-01
1446, 6.560508e-01
1447, 6.540532e-01
1448, 6.520616e-01
1449, 6.500761e-01
1450, 6.480967e-01
1451, 6.461233e-01
1452, 6.441559e-01
1453, 6.421945e-01
1454, 6.402391e-01
1455, 6.382897e-01
1456, 6.363462e-01
1457, 6.344086e-01
1458, 6.324770e-01
1459, 6.305512e-01
1460, 6.286313e-01
1461, 6.267173e-01
1462, 6.248091e-01
1463, 6.229067e-01
1464, 6.210101e-01
1465, 6.191193e-01
1466, 6.172343e-01
1467, 6.153550e-01
1468, 6.134815e-01
1469, 6.116136e-01
1470, 6.097515e-01
1471, 6.078950e-01
1472, 6.060442e-01
1473, 6.041991e-01
1474, 6.023595e-01
1475, 6.005256e-01
1476, 5.986973e-01
1477, 5.968745e-01
1478, 5.950573e-01
1479, 5.932456e-01
1480, 5.914395e-01
1481, 5.896389e-01
1482, 5.878437e-01
1483, 5.860541e-01
1484, 5.842698e-01
1485, 5.824911e-01
1486, 5.807177e-01
1487, 5.789498e-01
1488, 5.771872e-01
1489, 5.754300e-01
1490, 5.736782e-01
1491, 5.719317e-01
1492, 5.701906e-01
1493, 5.684547e-01
1494, 5.667242e-01
1495, 5.649989e-01
1496, 5.632789e-01
1497, 5.615641e-01
1498, 5.598545e-01
1499, 5.581502e-01
1500, 5.564510e-01
1501, 5.547571e-01
1502, 5.530683e-01
1503, 5.513846e-01
1504, 5.497061e-01
1505, 5.480327e-01
1506, 5.463644e-01
1507, 5.447012e-01
1508, 5.430430e-01
1509, 5.413899e-01
1510, 5.397419e-01
1511, 5.380988e-01
1512, 5.364608e-01
1513, 5.348278e-01
1514, 5.331997e-01
1515, 5.315766e-01
1516, 5.299585e-01
1517, 5.283452e-01
1518, 5.267369e-01
1519, 5.251335e-01
1520, 5.235350e-01
1521, 5.219414e-01
1522, 5.203526e-01
1523, 5.187687e-01
1524, 5.171895e-01
1525, 5.156152e-01
1526, 5.140457e-01
1527, 5.124810e-01
1528, 5.109211e-01
1529, 5.093659e-01
1530, 5.078154e-01
1531, 5.062697e-01
1532, 5.047287e-01
1533, 5.031923e-01
1534, 5.016607e-01
1535, 5.001337e-01
1536, 4.986114e-01
1537, 4.970937e-01
1538, 4.955807e-01
1539, 4.940722e-01
1540, 4.925683e-01
1541, 4.910691e-01
1542, 4.895744e-01
1543, 4.880842e-01
1544, 4.865986e-01
1545, 4.851175e-01
1546, 4.836410e-01
1547, 4.821689e-01
1548, 4.807013e-01
1549, 4.792382e-01
1550, 4.777796e-01
1551, 4.763254e-01
1552, 4.748756e-01
1553, 4.734302e-01
1554, 4.719893e-01
1555, 4.705527e-01
1556, 4.691205e-01
1557, 4.676927e-01
1558, 4.662692e-01
1559, 4.648501e-01
1560, 4.634353e-01
1561, 4.620248e-01
1562, 4.606186e-01
1563, 4.592166e-01
1564, 4.578190e-01
1565, 4.564256e-01
1566, 4.550365e-01
1567, 4.536515e-01
1568, 4.522709e-01
1569, 4.508944e-01
1570, 4.495221e-01
1571, 4.481540e-01
1572, 4.467900e-01
1573, 4.454302e-01
1574, 4.440746e-01
1575, 4.427231e-01
1576, 4.413757e-01
1577, 4.400324e-01
1578, 4.386932e-01
1579, 4.373580e-01
1580, 4.360270e-01
1581, 4.347000e-01
1582, 4.333770e-01
1583, 4.320581e-01
1584, 4.307432e-01
1585, 4.294323e-01
1586, 4.281254e-01
1587, 4.268224e-01
1588, 4.255235e-01
1589, 4.242284e-01
1590, 4.229374e-01
1591, 4.216503e-01
1592, 4.203671e-01
1593, 4.190878e-01
1594, 4.178124e-01
1595, 4.165408e-01
1596, 4.152732e-01
1597, 4.140094e-01
1598, 4.127495e-01
1599, 4.114934e-01
1600, 4.102411e-01
1601, 4.089927e-01
1602, 4.077480e-01
1603, 4.065071e-01
1604, 4.052701e-01
1605, 4.040367e-01
1606, 4.028072e-01
1607, 4.015814e-01
1608, 4.003593e-01
1609, 3.991409e-01
1610, 3.979263e-01
1611, 3.967153e-01
1612, 3.955081e-01
1613, 3.943045e-01
1614, 3.931046e-01
1615, 3.919083e-01
1616, 3.907157e-01
1617, 3.895267e-01
1618, 3.883414e-01
1619, 3.871596e-01
1620, 3.859815e-01
1621, 3.848069e-01
1622, 3.836359e-01
1623, 3.824685e-01
1624, 3.813046e-01
1625, 3.801443e-01
1626, 3.789875e-01
1627, 3.778342e-01
1628, 3.766845e-01
1629, 3.755382e-01
1630, 3.743955e-01
1631, 3.732562e-01
1632, 3.721204e-01
1633, 3.709880e-01
1634, 3.698591e-01
1635, 3.687336e-01
1636, 3.676116e-01
1637, 3.664930e-01
1638, 3.653778e-01
1639, 3.642660e-01
1640, 3.631575e-01
1641, 3.620525e-01
1642, 3.609508e-01
1643, 3.598524e-01
1644, 3.587574e-01
1645, 3.576658e-01
1646, 3.565774e-01
1647, 3.554924e-01
1648, 3.544107e-01
1649, 3.533323e-01
1650, 3.522571e-01
1651, 3.511853e-01
1652, 3.501167e-01
1653, 3.490513e-01
1654, 3.479892e-01
1655, 3.469304e-01
1656, 3.458747e-01
1657, 3.448223e-01
1658, 3.437731e-01
1659, 3.427270e-01
1660, 3.416842e-01
1661, 3.406445e-01
1662, 3.396080e-01
1663, 3.385747e-01
1664, 3.375444e-01
1665, 3.365174e-01
1666, 3.354934e-01
1667, 3.344726e-01
1668, 3.334549e-01
1669, 3.324403e-01
1670, 3.314288e-01
1671, 3.304203e-01
1672, 3.294150e-01
1673, 3.284126e-01
1674, 3.274134e-01
1675, 3.264172e-01
1676, 3.254240e-01
1677, 3.244338e-01
1678, 3.234467e-01
1679, 3.224625e-01
1680, 3.214814e-01
1681, 3.205032e-01
1682, 3.195281e-01
1683, 3.185558e-01
1684, 3.175866e-01
1685, 3.166203e-01
1686, 3.156569e-01
1687, 3.146965e-01
1688, 3.137390e-01
1689, 3.127844e-01
1690, 3.118327e-01
1691, 3.108840e-01
1692, 3.099381e-01
1693, 3.089951e-01
1694, 3.080549e-01
1695, 3.071176e-01
1696, 3.061832e-01
1697, 3.052516e-01
1698, 3.043229e-01
1699, 3.033970e-01
1700, 3.024739e-01
1701, 3.015536e-01
1702, 3.006361e-01
1703, 2.997214e-01
1704, 2.988095e-01
1705, 2.979004e-01
1706, 2.969940e-01
1707, 2.960904e-01
1708, 2.951895e-01
1709, 2.942914e-01
1710, 2.933960e-01
1711, 2.925034e-01
1712, 2.916135e-01
1713, 2.907262e-01
1714, 2.898417e-01
1715, 2.889599e-01
1716, 2.880807e-01
1717, 2.872043e-01
1718, 2.863304e-01
1719, 2.854593e-01
1720, 2.845908e-01
1721, 2.837250e-01
1722, 2.828618e-01
1723, 2.820012e-01
1724, 2.811432e-01
1725, 2.802879e-01
1726, 2.794351e-01
1727, 2.785849e-01
1728, 2.777374e-01
1729, 2.768924e-01
1730, 2.760500e-01
1731, 2.752101e-01
1732, 2.743728e-01
1733, 2.735381e-01
1734, 2.727059e-01
1735, 2.718762e-01
1736, 2.710491e-01
1737, 2.702245e-01
1738, 2.694023e-01
1739, 2.685827e-01
1740, 2.677656e-01
1741, 2.669510e-01
1742, 2.661388e-01
1743, 2.653291e-01
1744, 2.645219e-01
1745, 2.637172e-01
1746, 2.629149e-01
1747, 2.621150e-01
1748, 2.613176e-01
1749, 2.605226e-01
1750, 2.597300e-01
1751, 2.589398e-01
1752, 2.581520e-01
1753, 2.573667e-01
1754, 2.565837e-01
1755, 2.558031e-01
1756, 2.550249e-01
1757, 2.542490e-01
1758, 2.534755e-01
1759, 2.527044e-01
1760, 2.519356e-01
1761, 2.511692e-01
1762, 2.504051e-01
1763, 2.496433e-01
1764, 2.488838e-01
1765, 2.481266e-01
1766, 2.473718e-01
1767, 2.466192e-01
1768, 2.458690e-01
1769, 2.451210e-01
1770, 2.443753e-01
1771, 2.436318e-01
1772, 2.428907e-01
1773, 2.421517e-01
1774, 2.414151e-01
1775, 2.406806e-01
1776, 2.399485e-01
1777, 2.392185e-01
1778, 2.384908e-01
1779, 2.377652e-01
1780, 2.370419e-01
1781, 2.363208e-01
1782, 2.356019e-01
1783, 2.348851e-01
1784, 2.341706e-01
1785, 2.334582e-01
1786, 2.327480e-01
1787, 2.320399e-01
1788, 2.313340e-01
1789, 2.306303e-01
1790, 2.299287e-01
1791, 2.292292e-01
1792, 2.285319e-01
1793, 2.278367e-01
1794, 2.271436e-01
1795, 2.264526e-01
1796, 2.257637e-01
1797, 2.250769e-01
1798, 2.243922e-01
1799, 2.237096e-01
1800, 2.230290e-01
1801, 2.223506e-01
1802, 2.216742e-01
1803, 2.209998e-01
1804, 2.203275e-01
1805, 2.196573e-01
1806, 2.189891e-01
1807, 2.183229e-01
1808, 2.176587e-01
1809, 2.169966e-01
1810, 2.163365e-01
1811, 2.156784e-01
1812, 2.150223e-01
1813, 2.143682e-01
1814, 2.137161e-01
1815, 2.130660e-01
1816, 2.124178e-01
1817, 2.117716e-01
1818, 2.111274e-01
1819, 2.104852e-01
1820, 2.098449e-01
1821, 2.092065e-01
1822, 2.085701e-01
1823, 2.079357e-01
1824, 2.073031e-01
1825, 2.066725e-01
1826, 2.060438e-01
1827, 2.054170e-01
1828, 2.047922e-01
1829, 2.041692e-01
1830, 2.035481e-01
1831, 2.029289e-01
1832, 2.023116e-01
1833, 2.016962e-01
1834, 2.010827e-01
1835, 2.004710e-01
1836, 1.998612e-01
1837, 1.992532e-01
1838, 1.986471e-01
1839, 1.980428e-01
1840, 1.974404e-01
1841, 1.968398e-01
1842, 1.962410e-01
1843, 1.956441e-01
1844, 1.950489e-01
1845, 1.944556e-01
1846, 1.938641e-01
1847, 1.932744e-01
1848, 1.926865e-01
1849, 1.921003e-01
1850, 1.915160e-01
1851, 1.909334e-01
1852, 1.903526e-01
1853, 1.897736e-01
1854, 1.891963e-01
1855, 1.886208e-01
1856, 1.880470e-01
1857, 1.874750e-01
1858, 1.869048e-01
1859, 1.863362e-01
1860, 1.857694e-01
1861, 1.852043e-01
1862, 1.846410e-01
1863, 1.840793e-01
1864, 1.835194e-01
1865, 1.829611e-01
1866, 1.824046e-01
1867, 1.818497e-01
1868, 1.812966e-01
1869, 1.807451e-01
1870, 1.801953e-01
1871, 1.796472e-01
1872, 1.791007e-01
1873, 1.785559e-01
1874, 1.780128e-01
1875, 1.774713e-01
1876, 1.769315e-01
1877, 1.763933e-01
1878, 1.758567e-01
1879, 1.753218e-01
1880, 1.747885e-01
1881, 1.742569e-01
1882, 1.737268e-01
1883, 1.731984e-01
1884, 1.726715e-01
1885, 1.721463e-01
1886, 1.716227e-01
1887, 1.711006e-01
1888, 1.705802e-01
1889, 1.700613e-01
1890, 1.695440e-01
1891, 1.690283e-01
1892, 1.685142e-01
1893, 1.680016e-01
1894, 1.674906e-01
1895, 1.669811e-01
1896, 1.664732e-01
1897, 1.659668e-01
1898, 1.654620e-01
1899, 1.649587e-01
1900, 1.644569e-01
1901, 1.639567e-01
1902, 1.634580e-01
1903, 1.629608e-01
1904, 1.624651e-01
1905, 1.619709e-01
1906, 1.614783e-01
1907, 1.609871e-01
1908, 1.604974e-01
1909, 1.600092e-01
1910, 1.595225e-01
1911, 1.590373e-01
1912, 1.585536e-01
1913, 1.580713e-01
1914, 1.575905e-01
1915, 1.571111e-01
1916, 1.566332e-01
1917, 1.561568e-01
1918, 1.556818e-01
1919, 1.552083e-01
1920, 1.547362e-01
1921, 1.542655e-01
1922, 1.537963e-01
1923, 1.533285e-01
1924, 1.528621e-01
1925, 1.523972e-01
1926, 1.519336e-01
1927, 1.514715e-01
1928, 1.510108e-01
1929, 1.505515e-01
1930, 1.500935e-01
1931, 1.496370e-01
1932, 1.491819e-01
1933, 1.487281e-01
1934, 1.482757e-01
1935, 1.478247e-01
1936, 1.473751e-01
1937, 1.469268e-01
1938, 1.464799e-01
1939, 1.460344e-01
1940, 1.455902e-01
1941, 1.451474e-01
1942, 1.447059e-01
1943, 1.442657e-01
1944, 1.438269e-01
1945, 1.433895e-01
1946, 1.429533e-01
1947, 1.425185e-01
1948, 1.420850e-01
1949, 1.416529e-01
1950, 1.412220e-01
1951, 1.407925e-01
1952, 1.403642e-01
1953, 1.399373e-01
1954, 1.395117e-01
1955, 1.390873e-01
1956, 1.386643e-01
1957, 1.382425e-01
1958, 1.378220e-01
1959, 1.374028e-01
1960, 1.369849e-01
1961, 1.365683e-01
1962, 1.361529e-01
1963, 1.357387e-01
1964, 1.353259e-01
1965, 1.349143e-01
1966, 1.345039e-01
1967, 1.340948e-01
1968, 1.336870e-01
1969, 1.332803e-01
1970, 1.328750e-01
1971, 1.324708e-01
1972, 1.320679e-01
1973, 1.316662e-01
1974, 1.312657e-01
1975, 1.308665e-01
1976, 1.304684e-01
1977, 1.300716e-01
1978, 1.296760e-01
1979, 1.292816e-01
1980, 1.288884e-01
1981, 1.284963e-01
1982, 1.281055e-01
1983, 1.277159e-01
1984, 1.273274e-01
1985, 1.269402e-01
1986, 1.265541e-01
1987, 1.261691e-01
1988, 1.257854e-01
1989, 1.254028e-01
1990, 1.250214e-01
1991, 1.246411e-01
1992, 1.242620e-01
1993, 1.238841e-01
1994, 1.235073e-01
1995, 1.231316e-01
1996, 1.227571e-01
1997, 1.223838e-01
1998, 1.220115e-01
1999, 1.216404e-01
2000, 1.212705e-01
2001, 1.209016e-01
2002, 1.205339e-01
2003, 1.201673e-01
2004, 1.198018e-01
2005, 1.194374e-01
2006, 1.190742e-01
2007, 1.187120e-01
2008, 1.183509e-01
2009, 1.179910e-01
2010, 1.176321e-01
2011, 1.172743e-01
2012, 1.169176e-01
2013, 1.165620e-01
2014, 1.162075e-01
2015, 1.158541e-01
2016, 1.155017e-01
2017, 1.151504e-01
2018, 1.148002e-01
2019, 1.144510e-01
2020, 1.141029e-01
2021, 1.137559e-01
2022, 1.134099e-01
2023, 1.130650e-01
2024, 1.127211e-01
2025, 1.123782e-01
2026, 1.120364e-01
2027, 1.116957e-01
2028, 1.113560e-01
2029, 1.110173e-01
2030, 1.106796e-01
2031, 1.103430e-01
2032, 1.100074e-01
2033, 1.096728e-01
2034, 1.093393e-01
2035, 1.090067e-01
2036, 1.086752e-01
2037, 1.083446e-01
2038, 1.080151e-01
2039, 1.076866e-01
2040, 1.073591e-01
2041, 1.070325e-01
2042, 1.067070e-01
2043, 1.063825e-01
2044, 1.060589e-01
2045, 1.057363e-01
2046, 1.054148e-01
2047, 1.050941e-01
2048, 1.047745e-01
2049, 1.044558e-01
2050, 1.041382e-01
2051, 1.038214e-01
2052, 1.035057e-01
2053, 1.031909e-01
2054, 1.028770e-01
2055, 1.025641e-01
2056, 1.022522e-01
2057, 1.019412e-01
2058, 1.016311e-01
2059, 1.013220e-01
2060, 1.010139e-01
2061, 1.007067e-01
2062, 1.004004e-01
2063, 1.000950e-01
2064, 9.979058e-02
2065, 9.948708e-02
2066, 9.918450e-02
2067, 9.888284e-02
2068, 9.858210e-02
2069, 9.828227e-02
2070, 9.798336e-02
2071, 9.768535e-02
2072, 9.738825e-02
2073, 9.709206e-02
2074, 9.679676e-02
2075, 9.650237e-02
2076, 9.620887e-02
2077, 9.591626e-02
2078, 9.562454e-02
2079, 9.533371e-02
2080, 9.504377e-02
2081, 9.475470e-02
2082, 9.446652e-02
2083, 9.417921e-02
2084, 9.389278e-02
2085, 9.360721e-02
2086, 9.332252e-02
2087, 9.303869e-02
2088, 9.275573e-02
2089, 9.247362e-02
2090, 9.219238e-02
2091, 9.191199e-02
2092, 9.163245e-02
2093, 9.135376e-02
2094, 9.107593e-02
2095, 9.079893e-02
2096, 9.052278e-02
2097, 9.024747e-02
2098, 8.997299e-02
2099, 8.969936e-02
2100, 8.942655e-02
2101, 8.915457e-02
2102, 8.888342e-02
2103, 8.861310e-02
2104, 8.834360e-02
2105, 8.807491e-02
2106, 8.780705e-02
2107, 8.754000e-02
2108, 8.727376e-02
2109, 8.700833e-02
2110, 8.674371e-02
2111, 8.647989e-02
2112, 8.621688e-02
2113, 8.595466e-02
2114, 8.569325e-02
2115, 8.543263e-02
2116, 8.517280e-02
2117, 8.491376e-02
2118, 8.465551e-02
2119, 8.439805e-02
2120, 8.414136e-02
2121, 8.388546e-02
2122, 8.363034e-02
2123, 8.337600e-02
2124, 8.312242e-02
2125, 8.286962e-02
2126, 8.261759e-02
2127, 8.236632e-02
2128, 8.211582e-02
2129, 8.186608e-02
2130, 8.161710e-02
2131, 8.136888e-02
2132, 8.112141e-02
2133, 8.087470e-02
2134, 8.062873e-02
2135, 8.038352e-02
2136, 8.013905e-02
2137, 7.989532e-02
2138, 7.965234e-02
2139, 7.941009e-02
2140, 7.916858e-02
2141, 7.892781e-02
2142, 7.868776e-02
2143, 7.844845e-02
2144, 7.820987e-02
2145, 7.797201e-02
2146, 7.773487e-02
2147, 7.749846e-02
2148, 7.726276e-02
2149, 7.702779e-02
2150, 7.679352e-02
2151, 7.655997e-02
2152, 7.632713e-02
2153, 7.609500e-02
2154, 7.586357e-02
2155, 7.563285e-02
2156, 7.540283e-02
2157, 7.517351e-02
2158, 7.494489e-02
2159, 7.471696e-02
2160, 7.448973e-02
2161, 7.426318e-02
2162, 7.403733e-02
2163, 7.381216e-02
2164, 7.358768e-02
2165, 7.336388e-02
2166, 7.314076e-02
2167, 7.291832e-02
2168, 7.269656e-02
2169, 7.247547e-02
2170, 7.225505e-02
2171, 7.203530e-02
2172, 7.181623e-02
2173, 7.159782e-02
2174, 7.138007e-02
2175, 7.116298e-02
2176, 7.094656e-02
2177, 7.073079e-02
2178, 7.051568e-02
2179, 7.030123e-02
2180, 7.008742e-02
2181, 6.987427e-02
2182, 6.966177e-02
2183, 6.944991e-02
2184, 6.923869e-02
2185, 6.902812e-02
2186, 6.881819e-02
2187, 6.860890e-02
2188, 6.840024e-02
2189, 6.819222e-02
2190, 6.798483e-02
2191, 6.777807e-02
2192, 6.757194e-02
2193, 6.736644e-02
2194, 6.716156e-02
2195, 6.695731e-02
2196, 6.675368e-02
2197, 6.655066e-02
2198, 6.634827e-02
2199, 6.614649e-02
2200, 6.594532e-02
2201, 6.574477e-02
2202, 6.554482e-02
2203, 6.534549e-02
2204, 6.514676e-02
2205, 6.494863e-02
2206, 6.475111e-02
2207, 6.455419e-02
2208, 6.435786e-02
2209, 6.416214e-02
2210, 6.396700e-02
2211, 6.377247e-02
2212, 6.357852e-02
2213, 6.338517e-02
2214, 6.319240e-02
2215, 6.300022e-02
2216, 6.280862e-02
2217, 6.261760e-02
2218, 6.242717e-02
2219, 6.223732e-02
2220, 6.204804e-02
2221, 6.185934e-02
2222, 6.167121e-02
2223, 6.148366e-02
2224, 6.129667e-02
2225, 6.111026e-02
2226, 6.092441e-02
2227, 6.073913e-02
2228, 6.055441e-02
2229, 6.037025e-02
2230, 6.018665e-02
2231, 6.000361e-02
2232, 5.982113e-02
2233, 5.963920e-02
2234, 5.945783e-02
2235, 5.927700e-02
2236, 5.909673e-02
2237, 5.891701e-02
2238, 5.873783e-02
2239, 5.855919e-02
2240, 5.838111e-02
2241, 5.820356e-02
2242, 5.802655e-02
2243, 5.785008e-02
2244, 5.767415e-02
2245, 5.749875e-02
2246, 5.732388e-02
2247, 5.714955e-02
2248, 5.697575e-02
2249, 5.680248e-02
2250, 5.662973e-02
2251, 5.645751e-02
2252, 5.628581e-02
2253, 5.611464e-02
2254, 5.594398e-02
2255, 5.577385e-02
2256, 5.560423e-02
2257, 5.543513e-02
2258, 5.526654e-02
2259, 5.509846e-02
2260, 5.493090e-02
2261, 5.476384e-02
2262, 5.459730e-02
2263, 5.443126e-02
2264, 5.426572e-02
2265, 5.410069e-02
2266, 5.393616e-02
2267, 5.377213e-02
2268, 5.360860e-02
2269, 5.344557e-02
2270, 5.328303e-02
2271, 5.312099e-02
2272, 5.295944e-02
2273, 5.279838e-02
2274, 5.263782e-02
2275, 5.247774e-02
2276, 5.231814e-02
2277, 5.215904e-02
2278, 5.200041e-02
2279, 5.184227e-02
2280, 5.168461e-02
2281, 5.152743e-02
2282, 5.137073e-02
2283, 5.121450e-02
2284, 5.105875e-02
2285, 5.090347e-02
2286, 5.074867e-02
2287, 5.059433e-02
2288, 5.044047e-02
2289, 5.028707e-02
2290, 5.013414e-02
2291, 4.998167e-02
2292, 4.982967e-02
2293, 4.967813e-02
2294, 4.952705e-02
2295, 4.937643e-02
2296, 4.922627e-02
2297, 4.907657e-02
2298, 4.892732e-02
2299, 4.877853e-02
2300, 4.863018e-02
2301, 4.848229e-02
2302, 4.833485e-02
2303, 4.818786e-02
2304, 4.804131e-02
2305, 4.789521e-02
2306, 4.774956e-02
2307, 4.760434e-02
2308, 4.745957e-02
2309, 4.731524e-02
2310, 4.717135e-02
2311, 4.702789e-02
2312, 4.688488e-02
2313, 4.674229e-02
2314, 4.660014e-02
2315, 4.645843e-02
2316, 4.631714e-02
2317, 4.617628e-02
2318, 4.603586e-02
2319, 4.589585e-02
2320, 4.575628e-02
2321, 4.561713e-02
2322, 4.547840e-02
2323, 4.534010e-02
2324, 4.520221e-02
2325, 4.506475e-02
2326, 4.492770e-02
2327, 4.479107e-02
2328, 4.465485e-02
2329, 4.451905e-02
2330, 4.438366e-02
2331, 4.424869e-02
2332, 4.411412e-02
2333, 4.397997e-02
2334, 4.384622e-02
2335, 4.371288e-02
2336, 4.357994e-02
2337, 4.344741e-02
2338, 4.331528e-02
2339, 4.318355e-02
2340, 4.305223e-02
2341, 4.292130e-02
2342, 4.279077e-02
2343, 4.266064e-02
2344, 4.253090e-02
2345, 4.240156e-02
2346, 4.227261e-02
2347, 4.214406e-02
2348, 4.201589e-02
2349, 4.188812e-02
2350, 4.176073e-02
2351, 4.163373e-02
2352, 4.150712e-02
2353, 4.138089e-02
2354, 4.125505e-02
2355, 4.112959e-02
2356, 4.100451e-02
2357, 4.087981e-02
2358, 4.075549e-02
2359, 4.063155e-02
2360, 4.050798e-02
2361, 4.038480e-02
2362, 4.026198e-02
2363, 4.013954e-02
2364, 4.001747e-02
2365, 3.989578e-02
2366, 3.977445e-02
2367, 3.965349e-02
2368, 3.953290e-02
2369, 3.941268e-02
2370, 3.929282e-02
2371, 3.917333e-02
2372, 3.905420e-02
2373, 3.893543e-02
2374, 3.881702e-02
2375, 3.869898e-02
2376, 3.858129e-02
2377, 3.846396e-02
2378, 3.834699e-02
2379, 3.823037e-02
2380, 3.811411e-02
2381, 3.799820e-02
2382, 3.788264e-02
2383, 3.776744e-02
2384, 3.765259e-02
2385, 3.753808e-02
2386, 3.742392e-02
2387, 3.731011e-02
2388, 3.719665e-02
2389, 3.708353e-02
2390, 3.697076e-02
2391, 3.685833e-02
2392, 3.674624e-02
2393, 3.663449e-02
2394, 3.652308e-02
2395, 3.641201e-02
2396, 3.630128e-02
2397, 3.619088e-02
2398, 3.608082e-02
2399, 3.597110e-02
2400, 3.586171e-02
2401, 3.575265e-02
2402, 3.564392e-02
2403, 3.553553e-02
2404, 3.542746e-02
2405, 3.531972e-02
2406, 3.521231e-02
2407, 3.510523e-02
2408, 3.499847e-02
2409, 3.489204e-02
2410, 3.478593e-02
2411, 3.468014e-02
2412, 3.457468e-02
2413, 3.446954e-02
2414, 3.436471e-02
2415, 3.426021e-02
2416, 3.415602e-02
2417, 3.405215e-02
2418, 3.394859e-02
2419, 3.384535e-02
2420, 3.374243e-02
2421, 3.363981e-02
2422, 3.353751e-02
2423, 3.343552e-02
2424, 3.333384e-02
2425, 3.323247e-02
2426, 3.313141e-02
2427, 3.303065e-02
2428, 3.293021e-02
2429, 3.283006e-02
2430, 3.273022e-02
2431, 3.263069e-02
2432, 3.253146e-02
2433, 3.243253e-02
2434, 3.233390e-02
2435, 3.223557e-02
2436, 3.213754e-02
2437, 3.203981e-02
2438, 3.194237e-02
2439, 3.184523e-02
2440, 3.174839e-02
2441, 3.165184e-02
2442, 3.155559e-02
2443, 3.145962e-02
2444, 3.136395e-02
2445, 3.126857e-02
2446, 3.117348e-02
2447, 3.107868e-02
2448, 3.098417e-02
2449, 3.088995e-02
2450, 3.079601e-02
2451, 3.070236e-02
2452, 3.060899e-02
2453, 3.051590e-02
2454, 3.042310e-02
2455, 3.033059e-02
2456, 3.023835e-02
2457, 3.014639e-02
2458, 3.005472e-02
2459, 2.996332e-02
2460, 2.987220e-02
2461, 2.978135e-02
2462, 2.969079e-02
2463, 2.960050e-02
2464, 2.951048e-02
2465, 2.942074e-02
2466, 2.933127e-02
2467, 2.924207e-02
2468, 2.915314e-02
2469, 2.906449e-02
2470, 2.897610e-02
2471, 2.888798e-02
2472, 2.880013e-02
2473, 2.871255e-02
2474, 2.862523e-02
2475, 2.853818e-02
2476, 2.845140e-02
2477, 2.836488e-02
2478, 2.827862e-02
2479, 2.819262e-02
2480, 2.810689e-02
2481, 2.802141e-02
2482, 2.793620e-02
2483, 2.785124e-02
2484, 2.776655e-02
2485, 2.768211e-02
2486, 2.759792e-02
2487, 2.751400e-02
2488, 2.743033e-02
2489, 2.734691e-02
2490, 2.726375e-02
2491, 2.718084e-02
2492, 2.709818e-02
2493, 2.701577e-02
2494, 2.693362e-02
2495, 2.685171e-02
2496, 2.677005e-02
2497, 2.668864e-02
2498, 2.660748e-02
2499, 2.652657e-02
2500, 2.644590e-02
2501, 2.636548e-02
2502, 2.628530e-02
2503, 2.620536e-02
2504, 2.612567e-02
2505, 2.604622e-02
2506, 2.596702e-02
2507, 2.588805e-02
2508, 2.580932e-02
2509, 2.573084e-02
2510, 2.565259e-02
2511, 2.557458e-02
2512, 2.549681e-02
2513, 2.541927e-02
2514, 2.534197e-02
2515, 2.526490e-02
2516, 2.518807e-02
2517, 2.511147e-02
2518, 2.503511e-02
2519, 2.495898e-02
2520, 2.488307e-02
2521, 2.480740e-02
2522, 2.473196e-02
2523, 2.465675e-02
2524, 2.458177e-02
2525, 2.450702e-02
2526, 2.443249e-02
2527, 2.435819e-02
2528, 2.428412e-02
2529, 2.421027e-02
2530, 2.413665e-02
2531, 2.406325e-02
2532, 2.399007e-02
2533, 2.391711e-02
2534, 2.384438e-02
2535, 2.377187e-02
2536, 2.369958e-02
2537, 2.362751e-02
2538, 2.355566e-02
2539, 2.348402e-02
2540, 2.341261e-02
2541, 2.334141e-02
2542, 2.327043e-02
2543, 2.319966e-02
2544, 2.312911e-02
2545, 2.305878e-02
2546, 2.298865e-02
2547, 2.291874e-02
2548, 2.284905e-02
2549, 2.277956e-02
2550, 2.271029e-02
2551, 2.264123e-02
2552, 2.257238e-02
2553, 2.250373e-02
2554, 2.243530e-02
2555, 2.236707e-02
2556, 2.229905e-02
2557, 2.223124e-02
2558, 2.216364e-02
2559, 2.209624e-02
2560, 2.202904e-02
2561, 2.196205e-02
2562, 2.189526e-02
2563, 2.182868e-02
2564, 2.176230e-02
2565, 2.169612e-02
2566, 2.163014e-02
2567, 2.156436e-02
2568, 2.149879e-02
2569, 2.143341e-02
2570, 2.136823e-02
2571, 2.130325e-02
2572, 2.123846e-02
2573, 2.117388e-02
2574, 2.110949e-02
2575, 2.104529e-02
2576, 2.098130e-02
2577, 2.091749e-02
2578, 2.085388e-02
2579, 2.079046e-02
2580, 2.072724e-02
2581, 2.066421e-02
2582, 2.060137e-02
2583, 2.053872e-02
2584, 2.047626e-02
2585, 2.041399e-02
2586, 2.035191e-02
2587, 2.029002e-02
2588, 2.022832e-02
2589, 2.016681e-02
2590, 2.010548e-02
2591, 2.004434e-02
2592, 1.998338e-02
2593, 1.992261e-02
2594, 1.986203e-02
2595, 1.980163e-02
2596, 1.974141e-02
2597, 1.968138e-02
2598, 1.962153e-02
2599, 1.956186e-02
2600, 1.950237e-02
2601, 1.944306e-02
2602, 1.938394e-02
2603, 1.932499e-02
2604, 1.926622e-02
2605, 1.920763e-02
2606, 1.914922e-02
2607, 1.909099e-02
2608, 1.903294e-02
2609, 1.897506e-02
2610, 1.891735e-02
2611, 1.885983e-02
2612, 1.880247e-02
2613, 1.874529e-02
2614, 1.868829e-02
2615, 1.863146e-02
2616, 1.857480e-02
2617, 1.851831e-02
2618, 1.846200e-02
2619, 1.840586e-02
2620, 1.834989e-02
2621, 1.829408e-02
2622, 1.823845e-02
2623, 1.818299e-02
2624, 1.812769e-02
2625, 1.807257e-02
2626, 1.801761e-02
2627, 1.796282e-02
2628, 1.790819e-02
2629, 1.785373e-02
2630, 1.779944e-02
2631, 1.774531e-02
2632, 1.769135e-02
2633, 1.763755e-02
2634, 1.758391e-02
2635, 1.753044e-02
2636, 1.747713e-02
2637, 1.742398e-02
2638, 1.737100e-02
2639, 1.731817e-02
2640, 1.726551e-02
2641, 1.721300e-02
2642, 1.716066e-02
2643, 1.710847e-02
2644, 1.705645e-02
2645, 1.700458e-02
2646, 1.695287e-02
2647, 1.690131e-02
2648, 1.684992e-02
2649, 1.679868e-02
2650, 1.674759e-02
2651, 1.669666e-02
2652, 1.664589e-02
2653, 1.659527e-02
2654, 1.654480e-02
2655, 1.649449e-02
2656, 1.644433e-02
2657, 1.639432e-02
2658, 1.634447e-02
2659, 1.629477e-02
2660, 1.624521e-02
2661, 1.619581e-02
2662, 1.614656e-02
2663, 1.609746e-02
2664, 1.604851e-02
2665, 1.599970e-02
2666, 1.595105e-02
2667, 1.590254e-02
2668, 1.585418e-02
2669, 1.580597e-02
2670, 1.575790e-02
2671, 1.570998e-02
2672, 1.566221e-02
2673, 1.561458e-02
2674, 1.556710e-02
2675, 1.551976e-02
2676, 1.547256e-02
2677, 1.542551e-02
2678, 1.537860e-02
2679, 1.533184e-02
2680, 1.528521e-02
2681, 1.523873e-02
2682, 1.519239e-02
2683, 1.514619e-02
2684, 1.510013e-02
2685, 1.505421e-02
2686, 1.500843e-02
2687, 1.496279e-02
2688, 1.491729e-02
2689, 1.487193e-02
2690, 1.482670e-02
2691, 1.478161e-02
2692, 1.473666e-02
2693, 1.469185e-02
2694, 1.464717e-02
2695, 1.460263e-02
2696, 1.455822e-02
2697, 1.451395e-02
2698, 1.446982e-02
2699, 1.442581e-02
2700, 1.438195e-02
2701, 1.433821e-02
2702, 1.429461e-02
2703, 1.425114e-02
2704, 1.420780e-02
2705, 1.416460e-02
2706, 1.412152e-02
2707, 1.407858e-02
2708, 1.403577e-02
2709, 1.399308e-02
2710, 1.395053e-02
2711, 1.390811e-02
2712, 1.386581e-02
2713, 1.382365e-02
2714, 1.378161e-02
2715, 1.373970e-02
2716, 1.369792e-02
2717, 1.365626e-02
2718, 1.361473e-02
2719, 1.357333e-02
2720, 1.353206e-02
2721, 1.349091e-02
2722, 1.344988e-02
2723, 1.340898e-02
2724, 1.336820e-02
2725, 1.332755e-02
2726, 1.328702e-02
2727, 1.324662e-02
2728, 1.320633e-02
2729, 1.316617e-02
2730, 1.312614e-02
2731, 1.308622e-02
2732, 1.304642e-02
2733, 1.300675e-02
2734, 1.296720e-02
2735, 1.292776e-02
2736, 1.288845e-02
2737, 1.284926e-02
2738, 1.281018e-02
2739, 1.277123e-02
2740, 1.273239e-02
2741, 1.269367e-02
2742, 1.265507e-02
2743, 1.261659e-02
2744, 1.257822e-02
2745, 1.253997e-02
2746, 1.250184e-02
2747, 1.246382e-02
2748, 1.242592e-02
2749, 1.238813e-02
2750, 1.235046e-02
2751, 1.231290e-02
2752, 1.227546e-02
2753, 1.223813e-02
2754, 1.220091e-02
2755, 1.216381e-02
2756, 1.212682e-02
2757, 1.208994e-02
2758, 1.205318e-02
2759, 1.201653e-02
2760, 1.197998e-02
2761, 1.194355e-02
2762, 1.190723e-02
2763, 1.187102e-02
2764, 1.183492e-02
2765, 1.179893e-02
2766, 1.176305e-02
2767, 1.172728e-02
2768, 1.169162e-02
2769, 1.165607e-02
2770, 1.162062e-02
2771, 1.158528e-02
2772, 1.155005e-02
2773, 1.151493e-02
2774, 1.147991e-02
2775, 1.144500e-02
2776, 1.141020e-02
2777, 1.137550e-02
2778, 1.134091e-02
2779, 1.130642e-02
2780, 1.127204e-02
2781, 1.123776e-02
2782, 1.120359e-02
2783, 1.116952e-02
2784, 1.113555e-02
2785, 1.110169e-02
2786, 1.106793e-02
2787, 1.103427e-02
2788, 1.100072e-02
2789, 1.096726e-02
2790, 1.093391e-02
2791, 1.090066e-02
2792, 1.086752e-02
2793, 1.083447e-02
2794, 1.080152e-02
2795, 1.076867e-02
2796, 1.073593e-02
2797, 1.070328e-02
2798, 1.067073e-02
2799, 1.063828e-02
2800, 1.060593e-02
2801, 1.057368e-02
2802, 1.054152e-02
2803, 1.050947e-02
2804, 1.047751e-02
2805, 1.044565e-02
2806, 1.041388e-02
2807, 1.038221e-02
2808, 1.035064e-02
2809, 1.031917e-02
2810, 1.028779e-02
2811, 1.025650e-02
2812, 1.022531e-02
2813, 1.019422e-02
2814, 1.016322e-02
2815, 1.013231e-02
2816, 1.010150e-02
2817, 1.007078e-02
2818, 1.004016e-02
2819, 1.000962e-02
2820, 9.979185e-03
