t        CFL_adv    |du|       |dv|       |du/dt|    |dv/dt|    k      |dp|
0.0000   2.0601e-03 6.3387e-02 4.2250e-02 1.2677e+02 8.4500e+01 99999  2.2556e-04
0.0005   3.7647e-03 5.2449e-02 3.9926e-02 1.0490e+02 7.9852e+01 99999  2.0343e-04
0.0010   5.2023e-03 4.4234e-02 3.7972e-02 8.8468e+01 7.5944e+01 99999  1.8465e-04
0.0015   6.4351e-03 3.7932e-02 3.6312e-02 7.5864e+01 7.2623e+01 99999  1.6859e-04
0.0020   7.5074e-03 3.5049e-02 3.4888e-02 7.0098e+01 6.9776e+01 99999  1.5473e-04
0.0025   8.4517e-03 3.3401e-02 3.3658e-02 6.6802e+01 6.7315e+01 99999  1.4269e-04
0.0030   9.2916e-03 3.1508e-02 3.2587e-02 6.3015e+01 6.5173e+01 99999  1.3216e-04
0.0035   1.0045e-02 2.9542e-02 3.1648e-02 5.9085e+01 6.3297e+01 99999  1.2289e-04
0.0040   1.0726e-02 2.7605e-02 3.0822e-02 5.5209e+01 6.1644e+01 99999  1.1470e-04
0.0045   1.1346e-02 2.5749e-02 3.0091e-02 5.1498e+01 6.0182e+01 99999  1.0740e-04
0.0050   1.1912e-02 2.4002e-02 2.9441e-02 4.8003e+01 5.8882e+01 99999  1.0089e-04
0.0055   1.2432e-02 2.2374e-02 2.8861e-02 4.4748e+01 5.7722e+01 99999  9.5047e-05
0.0060   1.2912e-02 2.0868e-02 2.8342e-02 4.1735e+01 5.6684e+01 99999  8.9785e-05
0.0065   1.3355e-02 1.9478e-02 2.7876e-02 3.8957e+01 5.5751e+01 99999  8.5028e-05
0.0070   1.3783e-02 1.8422e-02 2.7455e-02 3.6844e+01 5.4911e+01 99999  8.0714e-05
0.0075   1.4336e-02 1.7515e-02 2.7076e-02 3.5030e+01 5.4151e+01 99999  7.6790e-05
0.0080   1.4855e-02 1.6639e-02 2.6732e-02 3.3279e+01 5.3464e+01 99999  7.3210e-05
0.0085   1.5340e-02 1.5800e-02 2.6420e-02 3.1599e+01 5.2840e+01 99999  6.9936e-05
0.0090   1.5797e-02 1.4999e-02 2.6136e-02 2.9997e+01 5.2272e+01 99999  6.6932e-05
0.0095   1.6225e-02 1.4237e-02 2.5878e-02 2.8474e+01 5.1755e+01 99999  6.4170e-05
0.0100   1.6629e-02 1.3515e-02 2.5641e-02 2.7030e+01 5.1283e+01 99999  6.1625e-05
0.0105   1.7009e-02 1.2832e-02 2.5425e-02 2.5665e+01 5.0850e+01 99999  5.9273e-05
0.0110   1.7368e-02 1.2188e-02 2.5227e-02 2.4376e+01 5.0454e+01 99999  5.7096e-05
0.0115   1.7706e-02 1.1580e-02 2.5045e-02 2.3161e+01 5.0090e+01 99999  5.5077e-05
0.0120   1.8026e-02 1.1008e-02 2.4878e-02 2.2016e+01 4.9755e+01 99999  5.3200e-05
0.0125   1.8329e-02 1.0469e-02 2.4723e-02 2.0938e+01 4.9447e+01 99999  5.1451e-05
0.0130   1.8617e-02 9.9621e-03 2.4581e-02 1.9924e+01 4.9162e+01 99999  4.9820e-05
0.0135   1.8889e-02 9.4851e-03 2.4450e-02 1.8970e+01 4.8899e+01 99999  4.8295e-05
0.0140   1.9147e-02 9.0363e-03 2.4328e-02 1.8073e+01 4.8656e+01 99999  4.6867e-05
0.0145   1.9393e-02 8.6142e-03 2.4215e-02 1.7228e+01 4.8430e+01 99999  4.5527e-05
0.0150   1.9626e-02 8.2170e-03 2.4110e-02 1.6434e+01 4.8220e+01 99999  4.4268e-05
0.0155   1.9849e-02 7.8432e-03 2.4013e-02 1.5686e+01 4.8025e+01 99999  4.3083e-05
0.0160   2.0061e-02 7.5090e-03 2.3922e-02 1.5018e+01 4.7844e+01 99999  4.1967e-05
0.0165   2.0263e-02 7.2098e-03 2.3838e-02 1.4420e+01 4.7675e+01 99999  4.0912e-05
0.0170   2.0456e-02 6.9253e-03 2.3759e-02 1.3851e+01 4.7517e+01 99999  3.9916e-05
0.0175   2.0640e-02 6.6548e-03 2.3685e-02 1.3310e+01 4.7370e+01 99999  3.8972e-05
0.0180   2.0816e-02 6.3978e-03 2.3616e-02 1.2796e+01 4.7232e+01 99999  3.8078e-05
0.0185   2.0985e-02 6.1535e-03 2.3551e-02 1.2307e+01 4.7103e+01 99999  3.7229e-05
0.0190   2.1146e-02 6.0354e-03 2.3491e-02 1.2071e+01 4.6981e+01 99999  3.6422e-05
0.0195   2.1301e-02 5.9378e-03 2.3434e-02 1.1876e+01 4.6867e+01 99999  3.5654e-05
0.0200   2.1449e-02 5.8401e-03 2.3380e-02 1.1680e+01 4.6760e+01 99999  3.4923e-05
0.0205   2.1591e-02 5.7790e-03 2.3330e-02 1.1558e+01 4.6659e+01 99999  3.4225e-05
0.0210   2.1728e-02 5.7156e-03 2.3282e-02 1.1431e+01 4.6564e+01 99999  3.3558e-05
0.0215   2.1859e-02 5.6495e-03 2.3237e-02 1.1299e+01 4.6474e+01 99999  3.2921e-05
0.0220   2.1986e-02 5.5812e-03 2.3195e-02 1.1162e+01 4.6389e+01 99999  3.2311e-05
0.0225   2.2107e-02 5.5110e-03 2.3155e-02 1.1022e+01 4.6309e+01 99999  3.1727e-05
0.0230   2.2225e-02 5.4395e-03 2.3117e-02 1.0879e+01 4.6233e+01 99999  3.1167e-05
0.0235   2.2337e-02 5.3668e-03 2.3081e-02 1.0734e+01 4.6161e+01 99999  3.0630e-05
0.0240   2.2452e-02 5.2934e-03 2.3046e-02 1.0587e+01 4.6093e+01 99999  3.0113e-05
0.0245   2.2566e-02 5.2194e-03 2.3014e-02 1.0439e+01 4.6028e+01 99999  2.9617e-05
0.0250   2.2676e-02 5.1452e-03 2.2983e-02 1.0290e+01 4.5966e+01 99999  2.9139e-05
0.0255   2.2783e-02 5.0709e-03 2.2954e-02 1.0142e+01 4.5908e+01 99999  2.8679e-05
0.0260   2.2886e-02 4.9966e-03 2.2926e-02 9.9933e+00 4.5852e+01 99999  2.8235e-05
0.0265   2.2986e-02 4.9227e-03 2.2899e-02 9.8454e+00 4.5799e+01 99999  2.7807e-05
0.0270   2.3082e-02 4.8491e-03 2.2874e-02 9.6982e+00 4.5748e+01 99999  2.7394e-05
0.0275   2.3176e-02 4.7761e-03 2.2850e-02 9.5522e+00 4.5699e+01 99999  2.6995e-05
0.0280   2.3267e-02 4.7037e-03 2.2827e-02 9.4073e+00 4.5653e+01 99999  2.6609e-05
0.0285   2.3355e-02 4.6320e-03 2.2804e-02 9.2639e+00 4.5609e+01 99999  2.6236e-05
0.0290   2.3441e-02 4.5611e-03 2.2783e-02 9.1221e+00 4.5566e+01 99999  2.5875e-05
0.0295   2.3524e-02 4.4910e-03 2.2763e-02 8.9820e+00 4.5526e+01 99999  2.5525e-05
0.0300   2.3605e-02 4.4218e-03 2.2743e-02 8.8437e+00 4.5487e+01 99999  2.5186e-05
0.0305   2.3683e-02 4.3536e-03 2.2725e-02 8.7073e+00 4.5449e+01 99999  2.4857e-05
0.0310   2.3759e-02 4.2864e-03 2.2707e-02 8.5729e+00 4.5414e+01 99999  2.4538e-05
0.0315   2.3834e-02 4.2203e-03 2.2690e-02 8.4405e+00 4.5379e+01 99999  2.4228e-05
0.0320   2.3906e-02 4.1551e-03 2.2673e-02 8.3102e+00 4.5346e+01 99999  2.3928e-05
0.0325   2.3976e-02 4.0911e-03 2.2657e-02 8.1821e+00 4.5314e+01 99999  2.3635e-05
0.0330   2.4045e-02 4.0281e-03 2.2642e-02 8.0561e+00 4.5284e+01 99999  2.3351e-05
0.0335   2.4112e-02 3.9662e-03 2.2627e-02 7.9323e+00 4.5254e+01 99999  2.3075e-05
0.0340   2.4177e-02 3.9054e-03 2.2613e-02 7.8107e+00 4.5226e+01 99999  2.2806e-05
0.0345   2.4240e-02 3.8456e-03 2.2599e-02 7.6913e+00 4.5198e+01 99999  2.2544e-05
0.0350   2.4303e-02 3.7870e-03 2.2586e-02 7.5741e+00 4.5172e+01 99999  2.2289e-05
0.0355   2.4363e-02 3.7295e-03 2.2573e-02 7.4590e+00 4.5146e+01 99999  2.2040e-05
0.0360   2.4422e-02 3.6731e-03 2.2561e-02 7.3461e+00 4.5121e+01 99999  2.1798e-05
0.0365   2.4480e-02 3.6177e-03 2.2549e-02 7.2354e+00 4.5098e+01 99999  2.1562e-05
0.0370   2.4536e-02 3.5634e-03 2.2537e-02 7.1268e+00 4.5075e+01 99999  2.1332e-05
0.0375   2.4591e-02 3.5102e-03 2.2526e-02 7.0203e+00 4.5052e+01 99999  2.1107e-05
0.0380   2.4645e-02 3.4579e-03 2.2515e-02 6.9159e+00 4.5031e+01 99999  2.0887e-05
0.0385   2.4698e-02 3.4068e-03 2.2505e-02 6.8135e+00 4.5010e+01 99999  2.0673e-05
0.0390   2.4750e-02 3.3566e-03 2.2495e-02 6.7132e+00 4.4990e+01 99999  2.0464e-05
0.0395   2.4800e-02 3.3074e-03 2.2485e-02 6.6149e+00 4.4970e+01 99999  2.0259e-05
0.0400   2.4850e-02 3.2615e-03 2.2476e-02 6.5229e+00 4.4951e+01 99999  2.0059e-05
0.0405   2.4898e-02 3.2188e-03 2.2466e-02 6.4377e+00 4.4933e+01 99999  1.9863e-05
0.0410   2.4946e-02 3.1769e-03 2.2457e-02 6.3537e+00 4.4915e+01 99999  1.9672e-05
0.0415   2.4992e-02 3.1355e-03 2.2449e-02 6.2711e+00 4.4898e+01 99999  1.9485e-05
0.0420   2.5038e-02 3.0949e-03 2.2440e-02 6.1898e+00 4.4881e+01 99999  1.9302e-05
0.0425   2.5082e-02 3.0549e-03 2.2432e-02 6.1097e+00 4.4864e+01 99999  1.9123e-05
0.0430   2.5126e-02 3.0155e-03 2.2424e-02 6.0310e+00 4.4848e+01 99999  1.8947e-05
0.0435   2.5169e-02 2.9768e-03 2.2417e-02 5.9536e+00 4.4833e+01 99999  1.8775e-05
0.0440   2.5211e-02 2.9387e-03 2.2409e-02 5.8775e+00 4.4818e+01 99999  1.8607e-05
0.0445   2.5252e-02 2.9013e-03 2.2402e-02 5.8026e+00 4.4803e+01 99999  1.8442e-05
0.0450   2.5293e-02 2.8645e-03 2.2395e-02 5.7290e+00 4.4789e+01 99999  1.8280e-05
0.0455   2.5333e-02 2.8283e-03 2.2388e-02 5.6566e+00 4.4775e+01 99999  1.8122e-05
0.0460   2.5372e-02 2.7927e-03 2.2381e-02 5.5855e+00 4.4762e+01 99999  1.7966e-05
0.0465   2.5411e-02 2.7578e-03 2.2374e-02 5.5155e+00 4.4749e+01 99999  1.7814e-05
0.0470   2.5448e-02 2.7234e-03 2.2368e-02 5.4468e+00 4.4736e+01 99999  1.7664e-05
0.0475   2.5485e-02 2.6896e-03 2.2362e-02 5.3793e+00 4.4724e+01 99999  1.7517e-05
0.0480   2.5522e-02 2.6564e-03 2.2356e-02 5.3129e+00 4.4712e+01 99999  1.7373e-05
0.0485   2.5558e-02 2.6238e-03 2.2350e-02 5.2476e+00 4.4700e+01 99999  1.7232e-05
0.0490   2.5593e-02 2.5918e-03 2.2344e-02 5.1835e+00 4.4688e+01 99999  1.7093e-05
0.0495   2.5628e-02 2.5603e-03 2.2339e-02 5.1205e+00 4.4677e+01 99999  1.6956e-05
0.0500   2.5662e-02 2.5293e-03 2.2333e-02 5.0586e+00 4.4666e+01 99999  1.6823e-05
0.0505   2.5696e-02 2.4989e-03 2.2328e-02 4.9977e+00 4.4655e+01 99999  1.6691e-05
0.0510   2.5729e-02 2.4690e-03 2.2323e-02 4.9379e+00 4.4645e+01 99999  1.6562e-05
0.0515   2.5761e-02 2.4396e-03 2.2317e-02 4.8792e+00 4.4635e+01 99999  1.6435e-05
0.0520   2.5793e-02 2.4107e-03 2.2312e-02 4.8214e+00 4.4625e+01 99999  1.6310e-05
0.0525   2.5825e-02 2.3823e-03 2.2308e-02 4.7647e+00 4.4615e+01 99999  1.6187e-05
0.0530   2.5856e-02 2.3545e-03 2.2303e-02 4.7089e+00 4.4606e+01 99999  1.6067e-05
0.0535   2.5886e-02 2.3271e-03 2.2298e-02 4.6541e+00 4.4596e+01 99999  1.5948e-05
0.0540   2.5916e-02 2.3001e-03 2.2294e-02 4.6003e+00 4.4587e+01 99999  1.5831e-05
0.0545   2.5946e-02 2.2737e-03 2.2289e-02 4.5473e+00 4.4579e+01 99999  1.5716e-05
0.0550   2.5975e-02 2.2477e-03 2.2285e-02 4.4953e+00 4.4570e+01 99999  1.5603e-05
0.0555   2.6004e-02 2.2221e-03 2.2281e-02 4.4442e+00 4.4561e+01 99999  1.5492e-05
0.0560   2.6033e-02 2.1970e-03 2.2277e-02 4.3939e+00 4.4553e+01 99999  1.5383e-05
0.0565   2.6061e-02 2.1723e-03 2.2273e-02 4.3445e+00 4.4545e+01 99999  1.5275e-05
0.0570   2.6088e-02 2.1480e-03 2.2269e-02 4.2959e+00 4.4537e+01 99999  1.5169e-05
0.0575   2.6115e-02 2.1249e-03 2.2265e-02 4.2497e+00 4.4529e+01 99999  1.5065e-05
0.0580   2.6142e-02 2.1112e-03 2.2261e-02 4.2224e+00 4.4522e+01 99999  1.4962e-05
0.0585   2.6169e-02 2.0976e-03 2.2257e-02 4.1951e+00 4.4514e+01 99999  1.4861e-05
0.0590   2.6195e-02 2.0840e-03 2.2254e-02 4.1679e+00 4.4507e+01 99999  1.4761e-05
0.0595   2.6221e-02 2.0704e-03 2.2250e-02 4.1408e+00 4.4500e+01 99999  1.4663e-05
0.0600   2.6246e-02 2.0569e-03 2.2246e-02 4.1137e+00 4.4493e+01 99999  1.4566e-05
0.0605   2.6271e-02 2.0434e-03 2.2243e-02 4.0867e+00 4.4486e+01 99999  1.4471e-05
0.0610   2.6296e-02 2.0299e-03 2.2240e-02 4.0599e+00 4.4479e+01 99999  1.4377e-05
0.0615   2.6320e-02 2.0165e-03 2.2236e-02 4.0331e+00 4.4473e+01 99999  1.4285e-05
0.0620   2.6344e-02 2.0032e-03 2.2233e-02 4.0064e+00 4.4466e+01 99999  1.4194e-05
0.0625   2.6368e-02 1.9900e-03 2.2230e-02 3.9799e+00 4.4460e+01 99999  1.4104e-05
0.0630   2.6392e-02 1.9767e-03 2.2227e-02 3.9535e+00 4.4454e+01 99999  1.4015e-05
0.0635   2.6415e-02 1.9636e-03 2.2224e-02 3.9272e+00 4.4448e+01 99999  1.3928e-05
0.0640   2.6438e-02 1.9505e-03 2.2221e-02 3.9011e+00 4.4442e+01 99999  1.3841e-05
0.0645   2.6460e-02 1.9376e-03 2.2218e-02 3.8751e+00 4.4436e+01 99999  1.3756e-05
0.0650   2.6483e-02 1.9246e-03 2.2215e-02 3.8493e+00 4.4430e+01 99999  1.3672e-05
0.0655   2.6505e-02 1.9118e-03 2.2212e-02 3.8236e+00 4.4425e+01 99999  1.3590e-05
0.0660   2.6527e-02 1.8990e-03 2.2210e-02 3.7981e+00 4.4419e+01 99999  1.3508e-05
0.0665   2.6548e-02 1.8864e-03 2.2207e-02 3.7727e+00 4.4414e+01 99999  1.3428e-05
0.0670   2.6570e-02 1.8738e-03 2.2204e-02 3.7475e+00 4.4408e+01 99999  1.3348e-05
0.0675   2.6591e-02 1.8613e-03 2.2202e-02 3.7225e+00 4.4403e+01 99999  1.3270e-05
0.0680   2.6612e-02 1.8488e-03 2.2199e-02 3.6977e+00 4.4398e+01 99999  1.3192e-05
0.0685   2.6632e-02 1.8365e-03 2.2196e-02 3.6730e+00 4.4393e+01 99999  1.3116e-05
0.0690   2.6652e-02 1.8242e-03 2.2194e-02 3.6485e+00 4.4388e+01 99999  1.3041e-05
0.0695   2.6673e-02 1.8121e-03 2.2192e-02 3.6242e+00 4.4383e+01 99999  1.2966e-05
0.0700   2.6693e-02 1.8000e-03 2.2189e-02 3.6000e+00 4.4378e+01 99999  1.2893e-05
0.0705   2.6712e-02 1.7880e-03 2.2187e-02 3.5760e+00 4.4374e+01 99999  1.2820e-05
0.0710   2.6732e-02 1.7761e-03 2.2185e-02 3.5523e+00 4.4369e+01 99999  1.2749e-05
0.0715   2.6751e-02 1.7643e-03 2.2182e-02 3.5287e+00 4.4365e+01 99999  1.2678e-05
0.0720   2.6770e-02 1.7526e-03 2.2180e-02 3.5052e+00 4.4360e+01 99999  1.2608e-05
0.0725   2.6789e-02 1.7410e-03 2.2178e-02 3.4820e+00 4.4356e+01 99999  1.2539e-05
0.0730   2.6807e-02 1.7295e-03 2.2176e-02 3.4590e+00 4.4351e+01 99999  1.2471e-05
0.0735   2.6826e-02 1.7181e-03 2.2174e-02 3.4361e+00 4.4347e+01 99999  1.2403e-05
0.0740   2.6844e-02 1.7067e-03 2.2172e-02 3.4134e+00 4.4343e+01 99999  1.2337e-05
0.0745   2.6862e-02 1.6955e-03 2.2170e-02 3.3909e+00 4.4339e+01 99999  1.2271e-05
0.0750   2.6880e-02 1.6843e-03 2.2168e-02 3.3686e+00 4.4335e+01 99999  1.2206e-05
0.0755   2.6898e-02 1.6733e-03 2.2166e-02 3.3465e+00 4.4331e+01 99999  1.2142e-05
0.0760   2.6915e-02 1.6623e-03 2.2164e-02 3.3246e+00 4.4327e+01 99999  1.2079e-05
0.0765   2.6932e-02 1.6514e-03 2.2162e-02 3.3028e+00 4.4323e+01 99999  1.2016e-05
0.0770   2.6949e-02 1.6406e-03 2.2160e-02 3.2813e+00 4.4320e+01 99999  1.1954e-05
0.0775   2.6966e-02 1.6299e-03 2.2158e-02 3.2599e+00 4.4316e+01 99999  1.1893e-05
0.0780   2.6983e-02 1.6193e-03 2.2156e-02 3.2387e+00 4.4312e+01 99999  1.1832e-05
0.0785   2.7000e-02 1.6088e-03 2.2154e-02 3.2177e+00 4.4309e+01 99999  1.1772e-05
0.0790   2.7016e-02 1.5984e-03 2.2153e-02 3.1969e+00 4.4305e+01 99999  1.1713e-05
0.0795   2.7032e-02 1.5881e-03 2.2151e-02 3.1762e+00 4.4302e+01 99999  1.1654e-05
0.0800   2.7049e-02 1.5779e-03 2.2149e-02 3.1557e+00 4.4298e+01 99999  1.1596e-05
0.0805   2.7065e-02 1.5677e-03 2.2147e-02 3.1354e+00 4.4295e+01 99999  1.1539e-05
0.0810   2.7080e-02 1.5577e-03 2.2146e-02 3.1153e+00 4.4292e+01 99999  1.1483e-05
0.0815   2.7096e-02 1.5477e-03 2.2144e-02 3.0954e+00 4.4288e+01 99999  1.1427e-05
0.0820   2.7111e-02 1.5378e-03 2.2143e-02 3.0756e+00 4.4285e+01 99999  1.1371e-05
0.0825   2.7127e-02 1.5280e-03 2.2141e-02 3.0561e+00 4.4282e+01 99999  1.1316e-05
0.0830   2.7142e-02 1.5183e-03 2.2139e-02 3.0366e+00 4.4279e+01 99999  1.1262e-05
0.0835   2.7157e-02 1.5087e-03 2.2138e-02 3.0174e+00 4.4276e+01 99999  1.1209e-05
0.0840   2.7172e-02 1.4992e-03 2.2136e-02 2.9984e+00 4.4273e+01 99999  1.1155e-05
0.0845   2.7187e-02 1.4904e-03 2.2135e-02 2.9808e+00 4.4270e+01 99999  1.1103e-05
0.0850   2.7201e-02 1.4818e-03 2.2133e-02 2.9635e+00 4.4267e+01 99999  1.1051e-05
0.0855   2.7216e-02 1.4732e-03 2.2132e-02 2.9463e+00 4.4264e+01 99999  1.1000e-05
0.0860   2.7230e-02 1.4646e-03 2.2131e-02 2.9293e+00 4.4261e+01 99999  1.0949e-05
0.0865   2.7245e-02 1.4562e-03 2.2129e-02 2.9123e+00 4.4258e+01 99999  1.0898e-05
0.0870   2.7259e-02 1.4478e-03 2.2128e-02 2.8955e+00 4.4256e+01 99999  1.0849e-05
0.0875   2.7273e-02 1.4394e-03 2.2126e-02 2.8788e+00 4.4253e+01 99999  1.0799e-05
0.0880   2.7287e-02 1.4311e-03 2.2125e-02 2.8622e+00 4.4250e+01 99999  1.0750e-05
0.0885   2.7300e-02 1.4229e-03 2.2124e-02 2.8458e+00 4.4248e+01 99999  1.0702e-05
0.0890   2.7314e-02 1.4147e-03 2.2123e-02 2.8295e+00 4.4245e+01 99999  1.0654e-05
0.0895   2.7328e-02 1.4066e-03 2.2121e-02 2.8133e+00 4.4242e+01 99999  1.0607e-05
0.0900   2.7341e-02 1.3986e-03 2.2120e-02 2.7972e+00 4.4240e+01 99999  1.0560e-05
0.0905   2.7354e-02 1.3906e-03 2.2119e-02 2.7812e+00 4.4237e+01 99999  1.0513e-05
0.0910   2.7367e-02 1.3827e-03 2.2117e-02 2.7654e+00 4.4235e+01 99999  1.0467e-05
0.0915   2.7380e-02 1.3748e-03 2.2116e-02 2.7496e+00 4.4233e+01 99999  1.0422e-05
0.0920   2.7393e-02 1.3670e-03 2.2115e-02 2.7340e+00 4.4230e+01 99999  1.0377e-05
0.0925   2.7406e-02 1.3593e-03 2.2114e-02 2.7185e+00 4.4228e+01 99999  1.0332e-05
0.0930   2.7419e-02 1.3516e-03 2.2113e-02 2.7032e+00 4.4225e+01 99999  1.0288e-05
0.0935   2.7432e-02 1.3440e-03 2.2112e-02 2.6879e+00 4.4223e+01 99999  1.0244e-05
0.0940   2.7444e-02 1.3364e-03 2.2110e-02 2.6728e+00 4.4221e+01 99999  1.0201e-05
0.0945   2.7457e-02 1.3289e-03 2.2109e-02 2.6577e+00 4.4219e+01 99999  1.0158e-05
0.0950   2.7469e-02 1.3214e-03 2.2108e-02 2.6428e+00 4.4216e+01 99999  1.0115e-05
0.0955   2.7481e-02 1.3140e-03 2.2107e-02 2.6280e+00 4.4214e+01 99999  1.0073e-05
0.0960   2.7493e-02 1.3067e-03 2.2106e-02 2.6134e+00 4.4212e+01 99999  1.0031e-05
0.0965   2.7505e-02 1.2994e-03 2.2105e-02 2.5988e+00 4.4210e+01 99999  9.9899e-06
0.0970   2.7517e-02 1.2922e-03 2.2104e-02 2.5844e+00 4.4208e+01 99999  9.9489e-06
0.0975   2.7529e-02 1.2850e-03 2.2103e-02 2.5700e+00 4.4206e+01 99999  9.9082e-06
0.0980   2.7541e-02 1.2779e-03 2.2102e-02 2.5558e+00 4.4204e+01 99999  9.8680e-06
0.0985   2.7553e-02 1.2708e-03 2.2101e-02 2.5417e+00 4.4202e+01 99999  9.8280e-06
0.0990   2.7564e-02 1.2638e-03 2.2100e-02 2.5277e+00 4.4200e+01 99999  9.7885e-06
0.0995   2.7576e-02 1.2569e-03 2.2099e-02 2.5138e+00 4.4198e+01 99999  9.7493e-06
0.1000   2.7587e-02 1.2500e-03 2.2098e-02 2.5000e+00 4.4196e+01 99999  9.7105e-06
0.1005   2.7598e-02 1.2432e-03 2.2097e-02 2.4863e+00 4.4194e+01 99999  9.6720e-06
0.1010   2.7609e-02 1.2364e-03 2.2096e-02 2.4728e+00 4.4192e+01 99999  9.6339e-06
0.1015   2.7621e-02 1.2297e-03 2.2095e-02 2.4593e+00 4.4190e+01 99999  9.5960e-06
0.1020   2.7632e-02 1.2230e-03 2.2094e-02 2.4460e+00 4.4188e+01 99999  9.5586e-06
0.1025   2.7643e-02 1.2164e-03 2.2093e-02 2.4327e+00 4.4187e+01 99999  9.5214e-06
0.1030   2.7653e-02 1.2098e-03 2.2092e-02 2.4196e+00 4.4185e+01 99999  9.4846e-06
0.1035   2.7664e-02 1.2033e-03 2.2092e-02 2.4065e+00 4.4183e+01 99999  9.4481e-06
0.1040   2.7675e-02 1.1968e-03 2.2091e-02 2.3936e+00 4.4181e+01 99999  9.4119e-06
0.1045   2.7686e-02 1.1904e-03 2.2090e-02 2.3807e+00 4.4180e+01 99999  9.3760e-06
0.1050   2.7696e-02 1.1840e-03 2.2089e-02 2.3680e+00 4.4178e+01 99999  9.3404e-06
0.1055   2.7707e-02 1.1777e-03 2.2088e-02 2.3554e+00 4.4176e+01 99999  9.3051e-06
0.1060   2.7717e-02 1.1714e-03 2.2087e-02 2.3428e+00 4.4175e+01 99999  9.2702e-06
0.1065   2.7727e-02 1.1652e-03 2.2086e-02 2.3304e+00 4.4173e+01 99999  9.2355e-06
0.1070   2.7738e-02 1.1590e-03 2.2086e-02 2.3180e+00 4.4171e+01 99999  9.2011e-06
0.1075   2.7748e-02 1.1529e-03 2.2085e-02 2.3058e+00 4.4170e+01 99999  9.1670e-06
0.1080   2.7758e-02 1.1468e-03 2.2084e-02 2.2936e+00 4.4168e+01 99999  9.1332e-06
0.1085   2.7768e-02 1.1408e-03 2.2083e-02 2.2816e+00 4.4167e+01 99999  9.0996e-06
0.1090   2.7778e-02 1.1348e-03 2.2083e-02 2.2696e+00 4.4165e+01 99999  9.0664e-06
0.1095   2.7788e-02 1.1289e-03 2.2082e-02 2.2578e+00 4.4164e+01 99999  9.0334e-06
0.1100   2.7798e-02 1.1230e-03 2.2081e-02 2.2460e+00 4.4162e+01 99999  9.0006e-06
0.1105   2.7807e-02 1.1172e-03 2.2080e-02 2.2343e+00 4.4161e+01 99999  8.9682e-06
0.1110   2.7817e-02 1.1114e-03 2.2080e-02 2.2227e+00 4.4159e+01 99999  8.9360e-06
0.1115   2.7827e-02 1.1056e-03 2.2079e-02 2.2112e+00 4.4158e+01 99999  8.9040e-06
